company_name,summarized_description,technology_stack,field_type,salary,location,years_required
Московский метрополитен, "Центр исследования и разработки беспилотного транспорта ищет QA-инженера для системного и интеграционного тестирования полностью беспилотного трамвая. Обязанности: написание тест-кейсов и сценариев, выполнение и анализ результатов тестирования (bags & logs), описание дефектов, участие в развитии процессов тестирования. Требования: опыт в тестировании, системное мышление, самодисциплина, умение работать с обратной связью, планирование тестирования и формирование отчетности, опыт с Jira/Confluence, TMS, базами данных (запросы), CI/CD, git и shell. Будет плюсом опыт с ROS/ROS2, Autoware, Webots, Postman/Swagger и навыки автоматизации на Python/C++. Условия: официальное трудоустройство по ТК РФ, льготы и бесплатный проезд, социальные бонусы; финансовые условия обсуждаются индивидуально.","['C++', 'Python', 'Unity', 'Linux', 'git', 'bash/sh/zsh', 'docker', 'ROS2', 'RViz', 'Webots', 'QGIS', 'ClickHouse', 'Grafana', 'Airflow', 'Jira', 'Confluence', 'TestRail/TestIT/TestOps/TestLink', 'Postman', 'Swagger', 'CI/CD', 'SQL/работа с БД']",Robotics & Computer Vision & AI,,Москва,От 3 до 6 лет
Лига Цифровой Экономики,"Проект для телеком-компании по разработке Lakehouse — платформы для хранения, управления и аналитики структурированных и неструктурированных данных. Задачи: разработка внутренних компонентов, интеграция с внешними источниками данных, оптимизация производительности запросов (векторизация, кэширование), обеспечение отказоустойчивости и масштабируемости, тестирование в Kubernetes и документирование решений. Требования: 3+ года в backend-разработке, уверенное владение Java, опыт с реляционными/NoSQL СУБД и оптимизацией SQL, понимание распределённых систем и MPP, опыт с объектными хранилищами и форматами Parquet/ORC, базовые знания Kubernetes, JDBC/ODBC; плюсы — опыт C++, Spark/Hive/Flink, участие в высоконагруженных системах и знание табличных форматов (Iceberg, Paimon). Компания предлагает гибкую методологию, обучение, конференции, внутренние сообщества и новую технику.","['Java', 'Kubernetes', 'SQL', 'JDBC/ODBC', 'S3', 'MinIO', 'Parquet', 'ORC', 'C++ (преимущество)', 'Apache Spark', 'Hive', 'Flink', 'NoSQL', 'MPP / распределённые системы']",Backend & High-Load Services,,Москва,3-6
МЦСТ,"Разработка бинарного компилятора приложений x86 -> Эльбрус. Требования: уверенное владение C/C++, опыт командной разработки, хорошее знание Linux (файловая система, системные вызовы), опыт отладки сложных программ с gdb. Приветствуется знание IA-32/Intel64, опыт системного программирования, портирования 32->64 бит, работа с svn, bugzilla, reviewboard. Условия: официальное оформление по ТК, гибкий график, ДМС после испытательного срока (со стоматологией), корпоративный фитнес, возможность заниматься научной деятельностью и изучать принципы ОС, работа на машинах Эльбрус; офис в 1 минуте от м. Беляево.","['C', 'C++', 'Linux', 'gdb', 'IA-32', 'Intel 64', 'Эльбрус', 'svn', 'bugzilla', 'reviewboard']",Operating Systems & Toolchains,,Москва,От 1 года до 3 лет
IBS,"IBS формирует кадровый резерв для будущих стажёрских программ (старт 2026) и приглашает выпускников и начинающих специалистов для участия в удалённой стажировке (1 неделя — 2 месяца). Направления: аналитика (системная, бизнес, Big Data), разработка (C++, Java, Python, C#, JavaScript, БД), тестирование (ручное, универсальное, нагрузочное), ИИ (Data Science, Machine Learning), внедрение и сопровождение. Отбор начинается с онлайн-тестирования по логике, основам SQL и работе с данными в Excel. Требования: неполное высшее (последние курсы) в IT/математике/информатике или смежных областях, базовые знания в выбранном направлении, готовность к последующему офисному трудоустройству, аналитическое мышление и готовность учиться. Участникам — обучение у практиков, сертификат, персональный наставник и возможность трудоустройства в штат по итогам стажировки.","['C#', 'C++', 'MS Excel', 'SQL']",Backend & High-Load Services,,Пермь,Нет опыта
Транснефть-Урал,"Поддержка и техническое обслуживание серверного и сетевого оборудования; администрирование Windows и Linux (РЕД ОС, Astra), Active Directory и Free-IPA; администрирование антивирусов (Kaspersky, Dr.Web), систем хранения, ленточных библиотек и резервного копирования; сопровождение и доработка ПО и оборудования АСУТП/SCADA, корректировка экранных форм и БД, техническая поддержка пользователей и деловая переписка; настройка и мониторинг сетевого оборудования (Cisco, Huawei и др.); разработка скриптов для автоматизации (PowerShell, Ansible, Bash). Требования: опыт в автоматизации технологических процессов, знание КИПиА/ПЛК/SCADA и промышленных протоколов, базовые навыки программирования (C, C++, C#, JavaScript, VB), умение работать в команде.","['C#', 'C++', 'C', 'JavaScript', 'VB', 'PowerShell', 'Ansible', 'Bash', 'Windows', 'Linux (РЕД ОС, Astra)', 'Active Directory', 'Free-IPA', 'Kaspersky', 'Dr. Web', 'Cisco', 'Huawei', 'SCADA']",Operating Systems & Toolchains,from 120000 to 160000 RUR,Уфа,От 1 года до 3 лет
Система Безопасных Коммуникаций,"Руководство командой разработки: настройка процессов, приоритезация задач, контроль сроков и качества, ревью кода, проведение встреч, планирование и анализ работы команды. Наставничество, развитие сотрудников, выбор и обоснование технических решений, взаимодействие с другими командами и стейкхолдерами. Требования: уверенное владение C++, уверенный пользователь Linux, опыт с CMake; будут преимуществом Python или Go, опыт проектирования и разработки высоконагруженных отказоустойчивых распределённых систем и запуска продуктов с нуля. Стек: C++17/STL, CMake, Python (для тестов), Bash (скрипты), JS опционально; кросс-платформенный сервер, основная платформа — Linux. Условия: офис в Москва Сити (башня Федерация), оформление по ТК РФ, ДМС после испытательного срока, корпоративные скидки.","['C++17', 'STL', 'CMake', 'Python', 'Bash', 'JavaScript (опционально)', 'Linux']",Backend & High-Load Services,,Москва,От 3 до 6 лет
ГравиЛинк,"Разработка и развитие инфраструктурных инструментов для собственного языка MPL и экосистемы: плагин для VS Code (и в перспективе web-IDE), обёртка над Telegram API, пакетный менеджер, фреймворк для тестов, ORM, фронтенд-фреймворк на MPL с использованием wasm, а также развитие компилятора. Компания предлагает разнообразный опыт (инструменты, фреймворки, язык), работу в сильной команде и участие в полном цикле разработки. Требования: крепкие фундаментальные знания математики и ИТ, реальный опыт ООП, работа с базами данных, Docker, знание сетевых протоколов и опыт сетевого кода, владение системами контроля версий и ишью-трекерами. Приветствуется опыт C++, проектирование распределённых систем и инициативность.","['MPL', 'C++', 'Docker', 'Git', 'Базы данных', 'VS Code', 'WebAssembly (wasm)', 'Telegram API', 'ORM', 'Пакетный менеджер', 'Фреймворки для тестирования', 'Сетевые протоколы', 'Распределённые системы', 'Разработка компилятора']",Operating Systems & Toolchains,from 512000 to 768000 RUR,Санкт-Петербург,От 1 года до 3 лет
"Российский университет дружбы народов, ФГАОУ ВО","Конкурс на замещение научного сотрудника в объединённом институте химических исследований РУДН. Обязанности: применение методов машинного обучения для анализа экспериментальных данных, разработка и оптимизация ИИ‑алгоритмов, написание кода и создание ПО для автоматизации анализа и моделирования, работа с библиотеками TensorFlow, PyTorch, scikit-learn, Keras; научная деятельность (подготовка статей, отчётов, участие в конференциях); интеграция ИИ в исследования; проведение лекций и практических занятий до 40 акад. часов в семестр. Требования: высшее (естественные/точные науки), ученая степень (кандидат наук/PhD), наличие публикаций/патентов, практический опыт ML не менее 2 лет, знание Python/R/C++ и библиотек ИИ, чтение англ. литературы. Условия: эффективный трудовой договор, график 5/2, контракт до 31.12.2028, работа в Москве на территории работодателя, соцпакет, участие в конференциях, доступ к оборудованию и библиотечным ресурсам.","['Python', 'R', 'C++', 'TensorFlow', 'PyTorch', 'scikit-learn', 'Keras', 'MS Office', 'Machine Learning']",Robotics & Computer Vision & AI,from 140000 to 200000 RUR,Москва,не менее 2 лет
ЦУГАМ,"Разработка серверной части наземной станции управления и алгоритмов управления БПЛА; оптимизация и доработка существующего кода. Требуются глубокие знания Python, опыт с Flask/FastAPI, многопоточностью и сетевыми протоколами (TCP/UDP); приветствуются опыт с Ardupilot, C++, знание механики полета и опыт разработки НСУ. Официальное трудоустройство, график 5/2, место работы — м. Раменки/Университет/Проспект Вернадского (Москва).","['Python', 'Flask', 'FastAPI', 'C++', 'многопоточность', 'TCP/UDP', 'Ardupilot (опционально)', 'Frontend для веб (опционально)']",Robotics & Computer Vision & AI,,Москва,От 1 года до 3 лет
Ростелеком Информационные Технологии,"Ищут Руководителя проектов для B2B платформы видеонаблюдения: развитие видеоаналитики, ведение нескольких проектов от запуска до сопровождения, организация работы мультидисциплинарных команд (фронтенд, мобильные, backend на Go, Ruby, C++), DWH, аналитики и архитектуры. Контроль сроков и бюджета, коммуникация с вендорами и заказчиками, участие в приоритизации и архитектурных решениях; требуется глубокое техническое понимание микросервисов, видео/видеопотоков, компьютерного зрения и опыт применения AI будет преимуществом. Удалённо по РФ, оформление по ТК, оклад + квартальные премии.","['C++', 'Go', 'Ruby', 'Frontend', 'Mobile', 'DWH', 'Микросервисная архитектура', 'Видео/видеопотоки', 'Компьютерное зрение', 'AI', 'Проектный менеджмент', 'Agile', 'Управление коммуникациями', 'Планирование бюджета']",Video & Media,,Москва,Более 6 лет
Гарда Технологии,"Разработка высоконагруженного распределённого приложения NDR для защиты сети от сложных и неизвестных атак: анализ сетевого трафика и телеметрии с применением ИИ, обнаружение обходов периметровых СЗИ и компрометации аккаунтов, а также возможность активного реагирования на инциденты. Работа в распределённой команде (5–7 человек): проектирование архитектуры и технических решений, декомпозиция требований, ревью кода, оптимизация SQL-запросов и взаимодействие с аналитиками, тестировщиками и C++ командами.","['.NET 6/8', 'C#', 'C++', 'ClickHouse', 'PostgreSQL', 'MongoDB', 'CI/CD', 'Visual Studio 2022', 'Jira', 'Confluence', 'Unit testing', 'SQL optimization', 'async/await']",Security & Reverse Engineering,,Москва,Более 6 лет
TrueConf,"TrueConf ищет младшего разработчика C++ для работы в офисе в Москве. Обязанности: разработка и поддержка ПО продуктов компании (видеоконференцсвязь), исправление ошибок, написание Unit-тестов. Требования: знание C++20, STL, базовых алгоритмов, умение работать с Git, разбираться в чужом коде и работать в команде. Будет плюсом: опыт разработки многопоточных приложений, опыт с boost (boost.asio), знакомство с GoogleTest, умение читать простые SQL-запросы. Условия: официальное трудоустройство, офис рядом с м. Электрозаводская/Семёновская, график 5/2 (возможна гибкая договорённость), спортзал, обучение, конкурентная зарплата (от 100000 RUR).","['C++', 'C++20', 'STL', 'Git', 'Linux', 'Boost (boost.asio)', 'GoogleTest', 'SQL', 'Многопоточность', 'Unit-тесты', 'ООП']",Video & Media,from 100000 RUR,Москва,Нет опыта
Excdev,"Полный цикл разработки ПО: разработка и поддержка бэкенда (фичи, тесты, код-ревью, повышение стабильности), участие в масштабировании инфраструктуры и устранении сбоев, влияние на инженерную культуру через техдискуссии и улучшение процессов. Требуется опыт коммерческой разработки от 3 лет, уверенное владение Python, Go, C++, знание ООП и многопоточности, работа с базами данных и брокерами сообщений, опыт в Linux, Docker, Git, работа с API (REST) и понимание TCP/IP. Удалённая работа, возможность из любой страны; график 5/2 с 10:00 до 19:00 по московскому времени.","['Golang', 'Python', 'C++', 'Git', 'Docker', 'Linux', 'Databases', 'Message brokers', 'REST API', 'TCP/IP', 'Multithreading']",Backend & High-Load Services,,Москва,От 3 до 6 лет
Московский метрополитен,"Стажировка на позицию системного администратора в Центре исследований и разработки беспилотного транспорта. Задачи: подготовка и настройка рабочих мест, установка/удаление ПО на Linux/Windows/MacOS, настройка VPN и почтовых клиентов, базовая поддержка браузеров, IDE, офисных пакетов и САПР, работа с тикет-системой, ведение документации. Требуются базовые навыки работы в терминале Linux (apt, journalctl, dmesg), администрирование Windows, пользовательский уровень macOS, понимание загрузки ОС, BIOS/UEFI, сетевых основ (IP, DNS, NAT), клиентоориентированность и готовность обучаться. Будет преимуществом умение писать простые bash/powershell-скрипты и знания CI/CD, Docker, Ansible.","['C++', 'Python', 'Unity', 'ROS2', 'RViz', 'QGIS', 'Linux (Ubuntu)', 'Windows 10/11', 'macOS', 'Bash', 'PowerShell', 'Ansible', 'Docker', 'Kubernetes', 'GitLab', 'ArgoCD', 'Nexus', 'VictoriaMetrics', 'ELK', 'Grafana', 'Trino', 'JupyterHub', 'ClearML', 'Hive Metastore', 'Minio', 'Thunderbird', 'Outlook', 'IDE/офисные пакеты', 'САПР']",Operating Systems & Toolchains,,Москва,Нет опыта
United Developers,"Международная команда, разрабатывающая мобильные приложения и решения для IoT с внедрением AI/ML. Парттайм (~20 часов в неделю). Проект: видеоаналитика спортивных матчей; в продакшене используется YOLO-модель для баскетбола, при этом детекция мяча и кольца теряется при переходе PyTorch → ONNX (сервер, C++) → RKNN (Orange Pi, NPU). Задачи: воспроизвести проблему, сравнить поведение модели в PyTorch, ONNX Runtime и RKNN, выявить, где теряется качество (preprocessing, post-processing/NMS, разрешение входа, квантизация), и стабилизировать инференс-пайплайн на сервере и Orange Pi. Требования: реальный опыт с YOLO (v5/v8/v11) и понимание инференса вне Python (ONNX, edge, C++). Английский B2 — плюс.","['Python', 'PyTorch', 'YOLO (v5/v8/v11)', 'ONNX', 'ONNX Runtime', 'RKNN', 'C++', 'Orange Pi', 'NPU', 'квантизация', 'computer vision', 'NMS', 'inference pipeline']",Robotics & Computer Vision & AI,,Москва,От 3 до 6 лет
Контрософт,"Удалённая вакансия ведущего разработчика C++/Qt для создания распределённых приложений под Linux (возможность портирования на другие платформы) для объектов КИИ в нефтегазовой и промышленной отраслях. Обязанности: участие в архитектуре, выбор и внедрение зависимостей, разработка ключевых частей, код-ревью, консультации техписателей и периодические отчёты. Требуются уверенные знания C++ (не ниже C++17), опыт коммерческой разработки и лидерства, знание Qt или других кроссплатформенных фреймворков, POSIX, сетевых протоколов (TCP/IP), многопоточного программирования, принципов чистого кода (SOLID) и навыки работы под Linux. Преимущество — опыт оптимизации, отладки и профилирования под Linux, знание Boost и опыт работы с СУБД/временными рядами.","['C++17', 'Qt', 'Linux', 'POSIX', 'TCP/IP', 'Multithreading', 'SOLID', 'UML', 'Boost', 'SQL']",Desktop Applications & CAD,,Москва,От 3 до 6 лет
Дисити,"Ищут backend и frontend разработчиков на аутстаф-проекты. Рассматривают разные языки (Go, React, C++, .NET, PHP и др.), подберут проект под ваш стек. Любая форма сотрудничества (ТК, ИП, ГПХ, самозанятость), возможна совмещение и доп. занятость. Полная удалёнка, прозрачные процессы, отсутствие бюрократии.","['Go', 'React', 'C++', '.NET', 'PHP', 'Backend', 'Frontend']",Backend & High-Load Services,,Санкт-Петербург,От 3 до 6 лет
OpenHiring,"Full-time, office-based Software Engineer role supporting an international algo-trading client by automating and improving Quantitative Researchers' workflows. Responsibilities include developing Python tooling and libraries, maintaining production code (monitoring, alerts, logging, dependency management), designing ETL pipelines, writing unit/integration tests (pytest, googletest, unittest.mock), contributing to and reviewing C++ and Python research libraries, and optimizing performance and deployment. Requires strong Python (primary) and C++ skills, experience with workflow automation, ETL, CI/CD and monitoring tools. CVs only in English; relocation available (candidate should confirm willingness to relocate).","['Python', 'C++', 'Git', 'pytest', 'googletest', 'unittest.mock', 'Airflow', 'Prefect', 'Dagster', 'Pandas', 'Dask', 'Spark', 'Parquet', 'NumPy', 'SciPy', 'Cython', 'dataclasses', 'Pydantic', 'Ruff', 'Pylint', 'Mypy', 'Pyright', 'Flake8', 'profiling (CPU/memory/filesystem)', 'GitHub Actions', 'GitLab CI', 'Jenkins', 'VictoriaMetrics', 'Prometheus', 'InfluxDB', 'AWS', 'GCS', 'Grafana', 'Sentry', 'ELK']",Scientific Computing & HPC,from 400000 RUR,Москва,От 3 до 6 лет
Heads and Hearts,"Технологическая компания WellStor (в составе Heads and Hearts) расширяет направление систем хранения данных и ищет Go/C++ Software Developer. Требуется уверенное знание Go и C++ (опыт в продакшн‑проектах), опыт проектирования микросервисов и работы с gRPC/REST, контейнеризации (Docker, Kubernetes), понимание CI/CD, навыки профилирования и оптимизации производительности. Плюсом — опыт системного программирования (Linux, сетевое взаимодействие, SPDK), знание С или Rust, опыт распределённых СХД. Обязанности: разработка и поддержка сервисов на Go (1.20+), проектирование API, интеграция с внешними системами, оптимизация производительности и отказоустойчивости, деплой и конфигурация в Kubernetes, интеграция мониторинга (Prometheus, Grafana), написание unit и интеграционных тестов, участие в код‑ревью и совместная работа с архитекторами и DevOps. Условия: бонусы, гибкий график, гибрид/удалённо, оформление по ТК РФ, возможности карьерного роста.","['Go (1.20+)', 'C++', 'gRPC', 'REST', 'Docker', 'Kubernetes', 'Prometheus', 'Grafana', 'CI/CD', 'SPDK', 'C', 'Rust', 'Unit/Integration testing', 'Profiling/Performance optimization', 'Microservices']",Backend & High-Load Services,from 200000 to 300000 RUR,Москва,От 3 до 6 лет
Лаборатория системных технологий,"Компания разрабатывает мобильные и социальные игры и ищет опытного Middle+ JavaScript разработчика для командной работы над проектами с большой аудиторией. Задачи включают программирование UI, создание анимаций и встраивание дизайна, реализацию логики интерфейса по MVC, разработку прототипов, сетевое взаимодействие и синхронизацию данных, развитие игровых движков и библиотек, рефакторинг и оптимизацию, а также разработку вспомогательных систем. Требования: опыт программирования, знание ООП, базовых алгоритмов и структур данных, технический английский, умение писать чистый поддерживаемый код и работать в команде. Условия: удалённая работа, конкурентная зарплата, 28 календарных дней отпуска, стандартная 5‑дневная рабочая неделя.","['JavaScript', 'Node.js', 'C++', 'Java', 'HTML', 'MVC', 'ООП', 'Алгоритмы и структуры данных', 'Разработка игровых движков/библиотек', 'Сетевое взаимодействие']",Game Development,,Москва,От 3 до 6 лет
СПУТНИКС,"Российская компания-производитель спутниковых компонентов ищет инженера-тестировщика на комплексный стенд проекта «Киноспутник». Задачи: организация и проведение функционального, интеграционного и нагрузочного тестирования бортового ПО МКА, тестирование алгоритмов управления и навигации, интеграция БВМ с периферией, анализ телеметрии и логов, взаимодействие с разработчиками для воспроизведения и устранения дефектов, подготовка отчётной документации и поддержка оборудования стенда.","['C++', 'Git', 'RTOS', 'встраиваемые системы', 'телеметрия']",Embedded & Firmware,,Москва,От 1 года до 3 лет
Козицкая Юлия Ярославовна,"Производство квест-комнат и развлекательных проектов ищет инженера-программиста микроконтроллеров. Обязанности: сборка, пайка и тестирование электроники на базе Arduino/контроллеров (включая STM), разработка и отладка ПО (C/C++, Python) для работы с электроникой, настройка и тестирование прототипов, ведение технической документации, обслуживание и техподдержка проектов. Требования: опыт работы с Arduino/STM или другими контроллерами, навыки пайки и работы с электронными компонентами, знание C/C++ и/или Python, базовые знания электротехники и схемотехники, аккуратность и умение работать в команде. Плюсом: опыт схемотехники, работы с мультиметром/осциллографом, знание датчиков и моторов, интерфейсов UART/I2C/CAN/SPI. Условия: оплачиваемая стажировка до 2 недель, график 10:00–19:00, работа рядом с метро Обводной канал.","['Arduino', 'STM (STM32 и др.)', 'C/C++', 'Python', 'UART/USART', 'I2C', 'SPI', 'CAN', 'пайка, мультиметр, осциллограф', 'чтение электрических схем', 'разработка технической документации']",Embedded & Firmware,from 80000 to 90000 RUR,Санкт-Петербург,0
Инситех,"Продуктовая компания с большим парком оборудований для HoReCa и ритейла ищет инженера‑тестировщика для полного тестового покрытия и пусконаладки электронно‑электромеханических изделий (кофемашины, вендинговые и постмикс‑аппараты). Задачи: комплексное тестирование и приёмочные/квалификационные испытания опытных и серийных образцов, разработка и внедрение систем контроля качества, создание и поддержка тест‑кейсов (ручное и автоматизированное тестирование), сбор и анализ данных с осциллографа, логического анализатора и др., анализ электрических схем, взаимодействие с командами аппаратного и программного обеспечения и составление отчётов. Требования: техническое образование (электроника, мехатроника и т.п.), опыт в разработке/тестировании электроники/электромеханики, понимание схемотехники и микроконтроллеров, знание протоколов (UART, I2C, SPI, CAN, Ethernet), уверенная работа с измерительным оборудованием, базовое владение C/C++ или Python, опыт работы с Linux и Windows, знания теории тестирования и работы с технической документацией.","['C/C++', 'Python', 'Linux', 'Windows', 'UART', 'I2C', 'SPI', 'CAN', 'Ethernet', 'Осциллограф', 'Логический анализатор', 'Мультиметр', 'Автоматизированное тестирование', 'Ручное тестирование', 'САПР/ПО для управления требованиями и дефектами']",Embedded & Firmware,,Санкт-Петербург,От 1 года до 3 лет
Бриф,"Команда ищет C++ разработчика для разработки микросервисов сетевого обмена и ПО для обработки потоков пользовательских данных. Задачи: анализ существующей кодовой базы, проектирование архитектуры приложений и микросервисов, работа с высокими нагрузками, поддержка CI и тестирования, участие в code review. Условия: оформление по ТК/ГПХ/самозанятый/ИП, удалённая работа, гибкий график, высокий доход, возможности карьерного роста и обучения.","['C++', 'STL', 'Linux', 'CMake', 'GNU autotools', 'GNU make', 'TCP/IP', 'UDP', 'Базы данных/СУБД', 'unit-тесты', 'CI']",Backend & High-Load Services,from 240000 to 320000 RUR,Москва,Более 6 лет
НИИАС,"АО «НИИАС» — дочерняя компания ОАО «РЖД», занимающаяся беспилотными технологиями и устройствами безопасности для железных дорог. Проект: система беспилотного управления маневровым локомотивом. Обязанности: разработка программных интерфейсов между системами управления поездом, поддержка и модернизация эксплуатируемой кодовой базы, удалённое участие в испытаниях и анализ работы системы. Требования: высшее техническое образование, уверенный пользователь Linux, коммерческая разработка на C++17+ (опыт 3–6 лет/более 4 лет в тексте), знание алгоритмов и структур данных, шаблонов проектирования (singleton, интерфейсы, издатель/подписчик, модель/делегат/представление, CoW), понимание TCP/IP и CAN, опыт работы с чужим кодом и большими проектами, сборки CMake/Make, умение писать автотесты и документацию, знакомство с Docker и контейнеризацией. Преимущества: опыт с брокерами сообщений (ZCM, RabbitMQ), GitLab CI/CD, опыт работы с бизнес-требованиями и управление командой/готовность к роли тимлида. Условия: официальное трудоустройство, конкурентная оплата, ДМС с первого дня, современный офис в Санкт-Петербурге, обучение и оплата участия в конференциях, гибкий график по согласованию.","['C++ (C++17+)', 'Linux', 'STL', 'Алгоритмы и структуры данных', 'CMake', 'Make', 'Docker', 'Git', 'TCP/IP', 'CAN', 'Автотесты', 'Документация', 'ZCM', 'RabbitMQ', 'GitLab CI/CD']",Embedded & Firmware,from 230000 RUR,Санкт-Петербург,От 3 до 6 лет
Народный центр беспилотных систем,"Разработка и настройка программного обеспечения и прошивка БпЛА мультироторного и самолетного типов; участие в разработке технической документации и испытаниях. Работа в г. Ижевск, график 5/2 (8:30–17:30). Зарплата от 100 000 руб. на руки, официальное трудоустройство по ТК РФ, испытательный срок 2 месяца. Требуется уверенное владение Python; приветствуются профильное образование, опыт на аналогичной позиции и портфолио.","['Python', 'C++', 'Java', 'JavaScript', 'Алгоритмы и структуры данных', 'Тестирование и отладка (модульные тесты)', 'Прошивка/firmware', 'Разработка ПО для БПЛА']",Embedded & Firmware,from 100000 RUR,Ижевск,От 1 года до 3 лет
МЭК Энергоэффективные технологии,"Аккредитованная IT-компания, занимающаяся проектами импортозамещения (замена зарубежных решений отечественными: 1С, Astra Linux, Postgres Pro, ОС Аврора). Вакансия — системный аналитик: сбор и анализ требований, разработка ТЗ и спецификаций, составление диаграмм бизнес‑процессов (UML, BPMN), взаимодействие с заказчиками, планирование и мониторинг проектов, консультации по функционалу, участие во 2-й линии техподдержки и постановка задач разработчикам. Требуется профильное техническое/IT/математическое образование, от 1 года опыта в системном анализе; приветствуется опыт с 1С, Astra Linux, Postgres Pro, ОС Аврора и знание языков/фреймворков (Java, Kotlin, Dart/Flutter, Qt, C++, JS, Angular). Условия: удалённая работа, комфортный график 5/2, ДМС после испытательного срока, рабочая техника, компенсация связи, обучение, официальное трудоустройство по ТК РФ.","['C++', 'Java', 'Kotlin', 'Dart', 'Flutter', 'Qt', 'JavaScript', 'Angular', '1С', 'Astra Linux', 'Postgres Pro', 'ОС Аврора', 'UML', 'BPMN', 'JIRA', 'Confluence']",Operating Systems & Toolchains,,Москва,От 1 года до 3 лет
"СиСофт, (CSoft)","АО ""СиСофт Разработка"" ищет junior/middle C/C++ разработчика для работы над САПР на платформе AutoCAD/NanoCAD (ObjectARX/Teigha) под Windows. Обязанности: разработка 2D/3D геометрии, разработка интерфейса на MFC, работа с MS SQL Server и PostgreSQL (написание запросов). Требования: высшее техническое образование или студент, знание C++, ООП и хорошая алгоритмическая база. Плюсы: опыт с ObjectARX/Teigha, MFC, DirectX/OpenGL, AutoCAD, SQL/ODBC. Условия: официальное оформление с первого дня, ДМС, офис в Москве (м. Бауманская) с возможностью частично удалённой работы; зарплата обсуждается на собеседовании.","['C++', 'C/C++', 'AutoCAD', 'NanoCAD', 'ObjectARX', 'Teigha', 'MFC', 'DirectX', 'OpenGL', 'MS SQL Server', 'PostgreSQL', 'SQL', 'ODBC', 'ООП']",Desktop Applications & CAD,,"Москва, м. Бауманская",От 1 года до 3 лет
КОМПАНИЯ АВТО-КОМПОНЕНТ,"Развитие корпоративной ERP-системы на базе Delphi + RAD Server + MS SQL; основная бизнес-логика реализована в хранимых процедурах. Обязанности: проработка и уточнение требований с заказчиком, продумывание архитектуры, написание понятного и производительного кода, тестирование, устранение ошибок и узких мест. Требования: высшее техническое образование, опыт от 4 лет, знание одного из компилируемых типизированных языков (Delphi/C#/C++/Java), опыт работы с SQL. Условия: гибридный режим, график 5/2 (9:00–17:30, пятница до 17:00), уровень вознаграждения на испытательный срок по результатам собеседования, оформление по ИП.","['Delphi', 'RAD Server', 'MS SQL', 'SQL', 'C#', 'C++', 'хранимые процедуры']",Backend & High-Load Services,to 250000 RUR,Санкт-Петербург,от 4 лет
WeJET,"WeJET ищет инженера-программиста C++/микроконтроллеров для разработки и отладки встроенных систем: низкоуровневое программирование на C/C++, проектирование аппаратной части, интеграция с внешними устройствами и написание системных протоколов. Взаимодействие с классическими интерфейсами (I2C, SPI, UART/RS232), разработка утилит для Windows/Linux, покрытие функционала тестами, проведение code-review и документирование решений. Требуются умение читать электрические схемы, работать с измерительными приборами, опыт с Linux и микроконтроллерами; желателен опыт с FPGA, PCI и драйверами. Условия: официальное трудоустройство по ТК РФ, гибкий график и удалённая работа (рассматривают кандидатов из любого региона), возможна неполная занятость и совмещение, обсуждаемый на финальном собеседовании уровень оплаты.","['C', 'C++', 'Embedded C/C++', 'Linux', 'Windows', 'I2C', 'SPI', 'UART/RS232', 'PCI', 'FPGA', 'PXIe', 'Unit testing', 'Functional testing', 'Device drivers', 'OOP', 'инструменты измерения/осциллографы']",Embedded & Firmware,,Москва,От 3 до 6 лет
Servicepipe,"Разработчик C++ в продукт «Флоуколлектор» — быстрый отказоустойчивый анализатор сетевого трафика на C/C++ с использованием DPDK для обнаружения и классификации аномалий (DDoS, фуллстек-боты), автоматизированных отчётов и действий (например, BGP Blackhole). Обязанности: разработка многопоточных модулей на C/C++, документация (help, changelog), совместная работа с team-lead, продукт-менеджером и инженерами InfoSec. Требования: от 3 лет коммерческой разработки на C/C++, опыт администрирования Linux (CentOS/Ubuntu), понимание сетевого стека, работы NIC, BGP, OSI/TCP-IP, навыки оптимизации и рефакторинга.","['C++', 'C', 'DPDK', 'Linux (CentOS, Ubuntu)', 'BGP', 'TCP/IP', 'многопоточность']",Security & Reverse Engineering,,Москва,От 3 до 6 лет
Axenix (ранее Accenture),"Ищем системного аналитика для банковского проекта: сбор, описание и согласование требований; подготовка спецификаций и проектной документации; постановка задач разработчикам; участие в демо и тестировании; создание функциональных и интеграционных спецификаций; оценка архитектурных решений и трудоёмкости задач. Требуется опыт работы системным аналитиком от 3 лет, знание моделирования данных, UI, интеграций (REST, SOAP, XML, JSON, MQ), умение декомпозировать задачи в user stories/use cases, владение UML и BPMN, понимание Agile и принципов архитектуры современных ИТ-систем. Плюсом — опыт в банковской сфере, с мониторингом (Prometheus, VictoriaMetrics, Grafana), с СУБД (Tarantool, Redis, Apache Ignite) и чтение кода на Java, C/C++, Go.","['UML', 'BPMN', 'REST', 'SOAP', 'JSON', 'XML', 'RabbitMQ', 'Kafka', 'MongoDB', 'Tarantool', 'Redis', 'Apache Ignite', 'Prometheus', 'VictoriaMetrics', 'Grafana', 'Java', 'C/C++', 'Go', 'Microservices', 'Agile']",Backend & High-Load Services,,Санкт-Петербург,От 3 до 6 лет
Xello,"IT‑компания, разрабатывающая решения в сфере кибербезопасности для защиты данных и предотвращения атак. Ищем разработчика на C++ для работы под Linux над модулями изоляции и шифрования данных, обеспечением защиты на уровне пользователя и ядра, а также оптимизацией взаимодействия компонентов в высоконагруженных системах. Требуется глубокое знание устройства Linux, алгоритмов и структур данных, опыт разработки архитектуры прикладных и облачных приложений; приветствуются навыки работы с eBPF, kernel space, Qt, Python, виртуализацией и инструментами сетевой безопасности. Предлагаем гибридный/удалённый график, участие в конференциях, соцпакет и обсуждаемую индивидуально зарплату.","['C++', 'Linux (user/kernel space)', 'eBPF/BPF', 'Qt', 'Xlib', 'Python', 'TLS', 'WebSocket', 'WireGuard', 'nftables', 'iproute2', 'cryptsetup', 'виртуализация/контейнеризация']",Security & Reverse Engineering,,Москва,От 3 до 6 лет
НПО Алмаз,"Разработка и корректировка ПО; отладка и обработка сетевого взаимодействия программных компонентов. Требования: высшее техническое образование, опыт работы по профилю. Технологии: C++, Linux, Qt. Условия: м. Сокол, график 5/2 (сокращённый пятница), оформление и соц. льготы по ТК РФ, зарплата по договорённости (оклад + ежемесячная премия).","['C++', 'Linux', 'Qt']",Desktop Applications & CAD,по договорённости (оклад + ежемесячная премия),Москва,От 1 года до 3 лет
Vestan,"Vestan Tech — лидер в сфере VR-стриминга. Ищем C/C++ разработчика с опытом работы в Qt для разработки клиентского приложения по приему изображения с видеокамер и отправке его на медиасервер. Требования: уверенные знания C/C++, STL, опыт работы с Qt, Microsoft Visual Studio и системой контроля версий Git, готовность работать в команде. Опционально — опыт с CUDA. Условия: участие в передовых VR-проектах, современные технологии, наставничество, гибкий график и удаленная работа.","['C++', 'Qt', 'STL', 'Git', 'Microsoft Visual Studio', 'CUDA (плюс)']",Video & Media,from 2500 to 4000 EUR,Москва,От 1 года до 3 лет
Храмцова Полина,"Небольшая команда алгоритмического трейдинга, создающая высокопроизводительную низколатентную торговую инфраструктуру для криптовалютных бирж. Вакансия C++ разработчика: реализация и оптимизация WebSocket/REST коннекторов, обработка и нормализация потоков рыночных данных, снижение задержек до микросекунд, обеспечение отказоустойчивости и автоматического переподключения, мониторинг и профилирование производительности. Требования: современный C++ (C++17/20/23) от 3 лет, опыт асинхронного сетевого программирования (Boost.Asio, epoll), понимание управления памятью, параллелизма и профилирования. Условия: удалённо или гибрид (Москва), оклад 300000–400000 руб «на руки», инструменты: Clang, GDB, Perf, Valgrind, Grafana/Prometheus; возможное внедрение Rust.","['C++20/23', 'Python', 'Boost.Asio', 'Boost.Beast', 'fmt', 'Google Benchmark', 'Catch2', 'GTest', 'Clang', 'GDB', 'perf', 'Valgrind', 'Grafana', 'Prometheus', 'Ubuntu 22/24 LTS', 'возможное: Rust']",Backend & High-Load Services,от 300000 до 400000 RUR (на руки),Москва (удалённо или гибрид),От 3 до 6 лет
Газпром автоматизация,"Разработка и доработка графических виджетов и компонентов инженерных интерфейсов (Graphics View Framework, таблицы/деревья, графики/тренды, панели состояния) на C++. Поддержка и доработка сервисов приложения на C++, составление SQL-запросов к PostgreSQL и интеграция через ecpg, поддержка CMake-сборок под Linux/Windows. Требуются уверенные знания C++11+ (ООП, STL, управление ресурсами), практический опыт Desktop-разработки с Qt (QWidget, компоновки, сигналы/слоты), опыт работы с Git и хорошее знание Linux. Будет плюсом знание CMake, базовый Python, опыт с PostgreSQL, протоколами OPC UA и Modbus.","['C++ (C++11+)', 'Qt (QWidget, Graphics View Framework, сигналы/слоты)', 'CMake', 'Git', 'PostgreSQL', 'ecpg', 'Linux (Astra Linux, РедОС)', 'SQL', 'Python (базово, опционально)', 'OPC UA (опционально)', 'Modbus (опционально)']",Desktop Applications & CAD,,Москва,От 1 года до 3 лет
Фёст Лэвэл Груп,"Международная геймдев-студия ищет Unreal Engine Developer (Blueprints/C++). Обязанности: разработка геймплейной логики (миссии, мультиплеерные механики, UI), поддержка и рефакторинг кода, написание технической документации. Требования: уверенное владение Blueprints, знание C++ в контексте Unreal Engine, опыт работы с Git, знание векторной математики. Плюсом будут опыт в симуляторах и мультиплеерных проектах, наличие выпущенных проектов и техническое образование. Условия: конкурентная оплата, официальное оформление по ТК РФ, ДМС, гибридный режим (3 дня в офисе / 2 дня удаленно).","['Unreal Engine 5', 'Blueprints', 'C++', 'Git', 'Векторная математика', 'Мультиплеер', 'UI', 'Разработка игр']",Game Development,,Москва,От 1 года до 3 лет
Научно-исследовательский институт репрографии - филиал ФГУП ВНИИ Центр,"Поддержка и доработка существующей информационной системы на PHP/PostgreSQL: участие в планировании и реализации новых функций, работа с крупной кодовой базой (чистый PHP, ООП), чтение и внесение изменений в существующий код, проектирование и оптимизация SQL-запросов, работа с особенностями PostgreSQL (триггеры, хранимые процедуры, функции), использование систем контроля версий (Git, предпочтительно GitLab) и настройка CI/CD. Приветствуется опыт на C++ и работы с высоконагруженными системами. Оформление по ТК РФ, своевременная выплата зарплаты, ежегодная индексация окладов.","['PHP', 'PostgreSQL', 'SQL', 'Git', 'GitLab', 'CI/CD', 'C++']",Backend & High-Load Services,from 120000 to 160000 RUR,Тула,От 1 года до 3 лет
GLT (Green Light Technology),"Ищем DevOps-инженера для работы над высокопроизводительным программным балансировщиком нагрузки. Задачи: интеграция DevOps-практик в разработку системного ПО, построение и поддержка CI/CD для высоконагруженного сетевого ПО, разработка инструментов тестирования производительности и отказоустойчивости, оптимизация сетевого стека (TCP/IP, HTTP/2, QUIC), автоматизация сборки и дистрибуции, настройка мониторинга в реальном времени. Требуются опыт с сетевым ПО (прокси, балансировщики, фаерволы), глубокие знания Linux Networking (netfilter, eBPF, sockets), понимание распределённых систем и опыт настройки CI/CD (GitLab CI, Bazel). Плюсом — вклад в open-source, опыт с Go/Python/C++, знание TLS и криптографии. Условия: полная занятость 5/2, удалённо с редкими встречами в офисе.","['C++', 'Go', 'Python', 'Docker', 'Kubernetes', 'Git', 'GitLab CI', 'Bazel', 'Linux', 'netfilter', 'eBPF', 'sockets', 'TCP/IP', 'HTTP/2', 'QUIC', 'TLS', 'cryptography']",Backend & High-Load Services,,Москва,От 3 до 6 лет
РСТЕХ,"Разработка и сопровождение инженерного расчетного ПО для судостроения (физика и математика). Обязанности: разработка и поддержка на C++; участие в проектировании архитектуры; оптимизация и отладка кода; взаимодействие с командой (разработчики, тестировщики, методологи); оформление технической документации. Требования: высшее техническое образование; отличное знание C++14/17/20; коммерческий опыт разработки от 3 лет; приветствуется кроссплатформенная разработка; понимание архитектурных подходов; знание PostgreSQL; умение разбирать чужой код; желателен опыт работы со сложными госсекторными системами. Условия: официальное трудоустройство по ТК РФ, конкурентная «белая» зарплата, проектные премии, гибкий старт 08:00–10:00, график 5/2, офис (частичный гибрид возможен после адаптации), место работы — Санкт-Петербург, ул. Минеральная, 23а.","['C++14/17/20', 'Git', 'Linux', 'PostgreSQL', 'Оптимизация кода', 'Рефакторинг', 'Кроссплатформенная разработка (желательно)']",Scientific Computing & HPC,,"Санкт-Петербург, ул. Минеральная, 23а",От 3 до 6 лет
Кузьминова Алеся Игоревна,"Международная динамично развивающаяся Fintech‑компания ищет Head of Talent Acquisition с релокацией в Дубай. Задачи: формирование и руководство глобальной функцией рекрутмента, масштабирование найма на новые рынки и роли (включая C-level), разработка стратегий поиска, исследование рынков и бенчмаркинг компенсаций, выстраивание DevRel/PR и отношений с профессиональными сообществами, взаимодействие с фаундерами и бизнес-заказчиками. Требования: опыт построения и оптимизации функции найма, реализация aggressive hiring и cost saving кампаний, глобальный подбор (Европа, Азия, MENA) — предпочтительно в High Risk домене, hands-on executive найм, опыт конфиденциального найма/NDA, прямой опыт работы с фаундерами и топ‑менеджментом, желателен глубокий рынок/технологическое понимание C++-разработки, автономность, высшее (желательно тех./математическое), свободный английский. Личные качества: мягкое лидерство, управление конфликтами, ориентация на результат и культура «A-player performance».",C++,Backend & High-Load Services,,Москва (релокация в Дубай),Более 6 лет
Сетла,"Инженер QA по автоматизации и нагрузочному тестированию для ПО научных установок: автоматизация UI/API (React/Electron, JS/TS), тестирование бэкенд-сервисов на C++ (API, микросервисы), нагрузочное тестирование (JMeter/Gatling/Locust), тестирование PostgreSQL, интеграция автотестов в GitLab CI, проверка совместимости с Astra Linux, организация процессов тестирования и руководство небольшой командой. Удалённая работа, официальное трудоустройство.","['C++', 'JavaScript', 'TypeScript', 'React', 'Electron', 'API', 'PostgreSQL', 'SQL', 'Linux (Astra Linux)', 'GitLab CI / CI/CD', 'Git', 'Docker', 'Kubernetes', 'JMeter', 'Gatling', 'Locust', 'Playwright', 'Appium', 'Cypress', 'Selenium', 'Postman', 'Python', 'TestRail', 'Allure', 'Jira', 'Team management']",Backend & High-Load Services,from 200000 to 250000 RUR,Москва,3-6
Новые Телеком Решения (НТР),"Разработка ПО для обеспечения работоспособности удалённых радиомодулей, конфигурирования антенн и синхронизации базовой станции с внешними источниками. Требуются практические навыки разработки на C++14/17, умение писать универсальный код (шаблоны), знание алгоритмов и структур данных, подходов синхронизации данных, сетевых протоколов (TCP/IP, UDP, SCTP), опыт работы в Linux, с отладчиком и профилировщиком, а также с системами контроля версий (git/bitbucket). Компания предлагает официальное оформление по ТК РФ, ДМС, страхование, релокационный бонус, гибрид/удалённый формат и возможности профессионального роста.","['C++14/17', 'Git', 'Linux', 'TCP/IP', 'UDP', 'SCTP', 'Debugger', 'Profiler', 'Template programming']",Embedded & Firmware,from 150000 RUR,Санкт-Петербург,От 1 года до 3 лет
Р7,"Разработка и поддержка компонентов офисных приложений и сервисов на C++ (кроссплатформенно для Windows, Linux, MacOS): оптимизация производительности, повышение стабильности, проектирование архитектуры новых функций, интеграция модулей, рефакторинг по современным стандартам, написание модульных и интеграционных тестов и тесная работа с командами разработки, тестирования и аналитики. Условия: оформление по ТК РФ, возможность удалённой или гибридной работы, ДМС после испытательного срока, предоставление оборудования. Требования: опыт коммерческой разработки на C++ и знание стандартов C++11/14/17, STL, Boost, CMake/QMAKE, многопоточность, технический английский для чтения документации.","['C++', 'STL', 'Boost', 'CMake', 'QMAKE', 'C#', 'ООП']",Desktop Applications & CAD,,Москва,От 3 до 6 лет
UserGate,"Поддержка и развитие собственной операционной системы UGOS: сборка, адаптация и обновление пакетов. Требуется начинающий maintainer; работа с командной строкой Linux, базовые знания C/C++, bash-скриптов и CMake. Желание развиваться в роли мейнтейнера Linux-систем; опыт сборки ядра — плюс. Компания предлагает развитие в команде экспертов, современный офис в Санкт-Петербурге, гибкий график, пакет бенефитов и небольшое тестовое задание при найме.","['C++', 'CMake', 'Linux', 'Bash', 'DevOps', 'Linux kernel', 'UGOS']",Operating Systems & Toolchains,,Санкт-Петербург,0
Арудит Секьюрити,"Требуется тестировщик ПО для ручного и автоматизированного тестирования desktop (Windows/Linux) и веб-приложений в проекте SafenSoft. Обязанности включают создание тест-планов и тест-кейсов, запуск и ревью авто-тестов, снятие и анализ дампов, исследовательское/стресс/регрессионное/интеграционное/приёмочное тестирование, развитие тестовой инфраструктуры, организацию процессов тестирования и работу с виртуализациями. Требуется опыт тестирования, умение писать простые скрипты (Cmd/PowerShell/Bash), базовое знание Linux и продвинутый — Windows; приветствуются навыки программирования (Python/C++/C#) и опыт с баг-трекерами/GitLab.","['Windows', 'Linux', 'Bash', 'PowerShell', 'Cmd', 'Python', 'Pytest', 'Selenium', 'C#', 'C++', 'Git', 'GitLab', 'HTML', 'PostgreSQL', 'Hyper-V', 'VMware', 'VirtualBox', 'QEMU', 'BIOS/UEFI', 'QA', 'Test case']",Security & Reverse Engineering,to 100000 RUR,Москва,От 1 года до 3 лет
Инженерные системы,"Разработка и поддержка GUI-приложений для управления роботами на C++ с использованием Qt 5/6 (Qt Quick/QML, Qt Widgets). Проектирование интерфейсов, работа с многопоточностью (QThread, QtConcurrent), сигналами/слотами, интеграция с внешними модулями, сетевыми, видео- и картографическими сервисами. Участие в проектировании архитектуры ПО, оптимизация и рефакторинг. Требуется коммерческий опыт на C++ (C++11/14/17), уверенное владение Qt, знание ООП и шаблонов проектирования, умение работать в команде.","['C++ (C++11/14/17)', 'Qt 5/6', 'Qt Quick', 'QML', 'Qt Widgets', 'Linux', 'Многопоточность (QThread, QtConcurrent)', 'Сигналы/слоты', 'Сетевые сервисы', 'Видео/картография', 'ООП', 'Паттерны проектирования']",Robotics & Computer Vision & AI,,Санкт-Петербург,От 1 года до 3 лет
ИнфоТеКС,"Стажировка для студентов и недавних выпускников на позицию разработчика C++. Задачи: разработка по готовому ТЗ, соблюдение корпоративного стандарта кодирования, написание unit-тестов, ревью кода, поиск причин и исправление дефектов во встраиваемом ПО. Требования: знание C, C++11+, опыт работы с Linux (Debian/Ubuntu). Преимущества: профилирование кода, разработка под микроконтроллеры (STM32/GD32/ATmega), знание сетей IoT (Zigbee, LoRaWAN), опыт работы с Arduino и периферией (I2C, SPI, UART, USB), базовые знания криптографии и схемотехники. Работа в офисе в Москве, очно; договор ГПХ; длительность стажировки 02.04.2026–10.07.2026; 20 часов в неделю; ежемесячная стипендия 46 000 руб.","['C', 'C++ (C++11+)', 'Linux (Debian/Ubuntu)', 'STM32', 'GD32', 'ATmega', 'Arduino', 'I2C', 'SPI', 'UART', 'USB', 'Zigbee', 'LoRaWAN', 'Криптография', 'Unit-тесты']",Embedded & Firmware,Ежемесячная стипендия 46 000 руб,"Москва (офис, очная)",Нет опыта
SearchInform,"Ведущий российский разработчик DLP-системы ищет Senior C++ разработчика для системной кроссплатформенной разработки под Windows/Linux/Mac. Задачи: обработка сетевого и почтового трафика, разработка высоконагруженных и масштабируемых компонентов DLP, углублённая работа с архитектурой ОС, исследование способов перехвата данных, разработка новых компонентов и участие в архитектурных решениях. Требования: свободное владение C++, CMake, Git, Bash, WinAPI или POSIX, опыт многопоточных и сетевых приложений, отладка (WinDBG/GDB), разбор крашдампов, тестируемый аккуратный код, опыт менторства. Будет плюсом: разработка драйверов, внедрение в процессы/перехваты функций и знания по безопасности ОС. Условия: официальное трудоустройство, ДМС, возможность удалённой работы, вознаграждение за рекомендации.","['C++', 'CMake', 'Git', 'Bash', 'WinAPI', 'POSIX', 'WinDBG', 'GDB', 'Driver development', 'Multithreading', 'Network programming', 'Cross-platform (Windows/Linux/Mac)']",Security & Reverse Engineering,from 370000 to 450000 RUR,Санкт-Петербург,От 7 лет
Робопро,"Производитель коллаборативных роботов и серводвигателей ищет разработчика C/C++ для разработки и рефакторинга интерфейса управления роботом, добавления нового функционала и поддержки проектов. Требуются глубокие знания C/C++, ООП, Qt5/QML, STL, опыт многопоточной разработки, понимание сетевых протоколов (TCP/IP, UDP), Linux и Bash, умение работать с Git. Предлагают официальное оформление с первого дня, фиксированную зарплату, график 5/2 (9:00–18:00), офис в Москве (Отрадное), ДМС после испытательного срока и бесплатный спортзал.","['C/C++', 'Qt5', 'QML', 'STL', 'ООП', 'Многопоточность', 'TCP/IP', 'UDP', 'Linux', 'Bash', 'Git', 'Python']",Robotics & Computer Vision & AI,,Москва,От 1 года до 3 лет
ISS,"Работа над программной платформой системы видеонаблюдения: разработка нового функционала и поддержка модулей, участие в разработке архитектуры, проведение код‑ревью, написание интеграционных и модульных тестов, взаимодействие с командами тестирования, аналитики и техподдержки, диагностика проблем в ответственных модулях и библиотеках.","['C++ (C++17+)', 'STL', 'Boost', 'Qt', 'MS Visual Studio', 'Jenkins', 'многопоточность', 'кросс‑платформенная разработка', 'TCP/UDP (сетевое программирование)', 'Postgres', 'работа с дампами', 'интеграционные и модульные тесты']",Video & Media,,Москва,3-6
Д-Проджект,"Разработка и поддержка VR-симуляторов на Unity/C#: интеграция игровых ресурсов с художниками и дизайнерами, реализация игровой логики и механик по ТЗ, тестирование и отладка, доработка существующих проектов и создание новых. Требования: реализованные проекты на Unity, знание C#, ООП, структур данных и базовых алгоритмов, опыт работы с Unity от 1 года, работа с 2D и 3D, владение Git; опыт с VR — преимущество. Условия: офис в центре Санкт-Петербурга, график 5/2 (9:00–18:00), официальное трудоустройство, ДМС, премии, отпуск 28 дней, выплаты 2 раза в месяц.","['C#', 'C++', 'Unity', 'Git', 'ООП', 'VR', '2D', '3D']",Game Development,от 80 000 до 120 000 RUR,Санкт-Петербург,От 1 года до 3 лет
Эвотор,"Лидер в цифровой автоматизации для малого и среднего бизнеса ищет инженера-разработчика C/C++ в команду, которая поддерживает и развивает экосистему сервисных приложений для смарт-терминалов. Основные задачи: поддержка и развитие процессинговой платформы для карточных транзакций (PSP), первичное тестирование и отладка ПО, техническая поддержка 3 уровня, мониторинг и реагирование на инциденты (Zabbix, Prometheus), взаимодействие с банком по ошибкам и нештатным ситуациям. Требования: продвинутые навыки C (C++ — преимущество), знание Python для скриптов, CMake, Linux на уровне продвинутого пользователя, понимание TCP/HTTP/HTTPS/SOAP, опыт с Docker, Git и реляционными СУБД (Postgres/Oracle). Будут плюсом опыт с Zabbix и в карточном процессинге. Условия: трудоустройство по ТК РФ, гибрид/удалённо, ДМС, офис в Москве, соцпакет и корпоративные бонусы.","['C', 'C++', 'CMake', 'Python', 'Docker', 'Git', 'Linux', 'PostgreSQL', 'Oracle', 'Prometheus', 'Zabbix', 'TCP', 'HTTP/HTTPS', 'SOAP']",Backend & High-Load Services,,Москва,От 1 года до 3 лет
Voximplant,"Разработка облачной платформы real-time коммуникаций для high-load работы 24x7. Основная зона ответственности — голосовое ядро: передача голоса в реальном времени, конференции, распознавание речи, видеосвязь, P2P. Требуется разработка серверного ПО под Linux на C++ (стандарт>=11, у них 17), работа с многопоточностью, STL, сборочными инструментами и системами контроля версий. Плюсом будут опыт в сетевых многопоточных приложениях, IP-телефонии (SIP/RTP/SDP), WebRTC, ffmpeg и кодеках, знание JavaScript/Python. Удалённая или гибридная работа, корпоративные бенефиты и обучение.","['C++', 'CMake', 'Git', 'Linux', 'STL', 'multithreading', 'VoIP', 'WebRTC', 'SIP', 'RTP', 'SDP', 'ffmpeg', 'audio/video codecs', 'JavaScript', 'Python']",Video & Media,,Москва,От 3 до 6 лет
Нанософт,"Команда разрабатывает отечественную САПР-платформу nanoCAD. Ищут QA-инженера для ручного тестирования desktop-приложения (Windows, Linux): воспроизведение и анализ пользовательских ошибок, локализация и оформление дефектов в баг-трекере; при наличии навыков и желания — создание и поддержка автотестов на C#. Проект написан на C#/.NET 6 с интеграцией на C++. Работа в офисе в Новосибирске; рассматривают как начинающих тестировщиков с завершённым обучением, так и специалистов с опытом. Требуются знания методологий тестирования, техник тест-дизайна, жизненного цикла ПО, внимательность и готовность к выполнению тестового задания.","['C#', 'C++', '.NET 6', 'Windows', 'Linux', 'CAD', 'desktop', 'bug-tracker', 'автотесты (C#)']",Desktop Applications & CAD,,Новосибирск,Нет опыта
Казанское электромонтажное предприятие,"Разработка встраиваемого ПО для силовой преобразовательной техники (частотные преобразователи, активные фильтры, компенсаторы гармоник, генераторы реактивной мощности и т.п.). Работа с микроконтроллерами Texas Instruments TMS320 C2000, цифровой обработкой сигналов, интерфейсами CAN, Ethernet, USB, COM, Bluetooth, SPI, I2C. Приветствуется опыт разработки на ПЛИС (Altera/Xilinx) и знание Verilog HDL. Готовы рассмотреть кандидатов без опыта и студентов; оформление по ТК РФ, график 5/2, условия и размер оплаты обсуждаются на собеседовании.","['C', 'C++', 'Linux', 'Verilog HDL', 'TI TMS320 C2000', 'FPGA (Altera/Xilinx)', 'Digital Signal Processing', 'CAN', 'Ethernet', 'USB', 'UART/COM', 'Bluetooth', 'SPI', 'I2C', 'VLAN', 'Схемотехника электронного оборудования', 'Контрольно-измерительное оборудование']",Embedded & Firmware,from 100000 RUR,Казань,0
INWAVE (ООО Микроволновая Электроника),"Разработка алгоритмов цифровой обработки сигналов (спектральный/временной анализ, модуляция/демодуляция, синхронизация, фильтрация, оценка параметров, анализ протоколов и др.), оптимизация производительности высоконагруженных частей кода, разработка и поддержка кроссплатформенных графических интерфейсов на Qt для управления контрольно-измерительным оборудованием и системами связи, отладка, тестирование, документирование реализованного функционала. Работа в инновационной компании полного цикла с аппаратной и программной частью, участие в создании серийных решений. Требования: высшее/неоконченное высшее (желательно физ.-мат. или CS), уверенное владение Windows и GNU/Linux, опыт OOP на C++ (C++11–C++23), глубинные знания DSP, опыт Qt5/Qt6, системного программирования, работы с компиляторами GCC/MSVC и системой контроля версий Git; технический английский для чтения документации. Желательно: опыт Embedded Linux, Android (Qt), SDR, MATLAB/Python/GnuRadio, CI/CD (GitLab).","['C++ (C++11...C++23)', 'Qt5/Qt6 (Qt Creator, qmake, Core, Concurrent, Network, Widgets, Quick/QML, Qt EGLFS)', 'GCC 13.2', 'MSVC 2019+', 'GNU/Linux', 'Windows', 'Embedded Linux', 'Git', 'CI/CD (GitLab)', 'TCP/IP / сокеты', 'SDR', 'GnuRadio', 'MATLAB', 'Python', 'x86_64', 'Алгоритмы цифровой обработки сигналов', 'Контрольно-измерительное оборудование', 'Графический интерфейсы']",Embedded & Firmware,,Москва,От 3 до 6 лет
INPAS,"PayLab (в составе INPAS) ищет разработчика Android (middle) для разработки и поддержки приложений платежных терминалов на базе Android: реализация фич и UI (Java/Kotlin), работа с ТЗ, декомпозиция задач, оценка, code review и взаимодействие в Agile с аналитиками и QA. Требуется опыт Android от 3 лет, уверенные знания Java и Kotlin, Android SDK, понимание ООП, паттернов, архитектур (CleanArch), алгоритмов и структур данных, обеспечение безопасного хранения/передачи данных (шифрование, Cipher, SSL/TLS, сертификаты), опыт с REST/HTTP(S)/SOAP, БД (SQL, Room), сериализация XML/JSON и инструментами (Git, Jira, Confluence, Nexus). Плюсом — опыт оплаты картой/QR, POS-терминалов, NDK/C++, Compose, unit-тесты. Условия: офис в Москве с возможностью гибрида/удалёнки, соцпакет (ДМС и др.), график 10:00–18:00, трудоустройство по ТК РФ; нахождение на территории РФ обязательно.","['Java', 'Kotlin', 'Android SDK', 'Android NDK', 'C++', 'Git', 'REST API', 'HTTP/HTTPS', 'SOAP', 'SQL', 'Room', 'XML', 'JSON', 'Jetpack Compose', 'Cipher/шифрование', 'SSL/TLS', 'Git', 'Jira', 'Confluence', 'Nexus', 'Unit Testing']",Embedded & Firmware,,Москва,От 3 до 6 лет
БСГ,"Полная занятость в штате: разработка и доработка конфигураций 1С (включая нетиповые), написание отчетов и обработок, подготовка технической документации и ТЗ, обновление и поддержка конфигураций, интеграция с внешними системами, оперативное исправление ошибок, анализ проблем и взаимодействие с пользователями. Требуется опыт разработки на 1С:Предприятие, навыки интеграций, оптимизации кода и запросов; приветствуются сертификаты и опыт с конфигурациями документооборота, зарплаты и бухгалтерии государственных учреждений. Компания предлагает официальное трудоустройство, стабильный график Пн–Пт 9:00–18:00, оплачиваемый отпуск и больничные, бесплатное обучение и сертификацию за счёт компании.","['1С:Предприятие 8', 'язык 1С', 'язык запросов 1С', '1С:Документооборот', '1С:Зарплата и управление персоналом', '1С:Бухгалтерия государственного учреждения', 'интеграция с внешними системами', 'оптимизация встроенных запросов', 'C++']",Desktop Applications & CAD,,Москва,От 3 до 6 лет
BrainShells,"Ищем Senior Java разработчика (Java SE) для работы с алгоритмами ИИ: писать надёжный код на Java, оптимизировать алгоритмы по быстродействию и памяти, прототипировать идеи, проводить статистический анализ и подготовку данных для обучения моделей, разрабатывать алгоритмы ИИ и применять идеи из научных статей. Требования: сильный алгоритмический бэкграунд, структуры данных, многопоточность, умение работать с чужим кодом и дебаггером, профильное тех. образование, английский для чтения документации. Плюсом — математический бэкграунд, C++, опыт в ML и с текстовыми данными. Условия: удалённо, обучение, ДМС, бонусы, зарплатная вилка и прочие корпоративные бенефиты.","['Java', 'Java SE', 'Алгоритмы и структуры данных', 'Многопоточность', 'Оптимизация кода', 'Статистический анализ', 'MySQL', 'Bash', 'RegExp', 'C++ (желательно)']",Robotics & Computer Vision & AI,from 5000 USD,Москва,Более 6 лет
Start Industries,"Разработка и поддержка высоконагруженного VoIP звонкового SDK для iOS (на Swift) с интеграцией и кастомизацией Linphone и низкоуровневого медиа-стека. Задачи включают реализацию аудио/видеозвонков и VoIP Push, работу с кодеками (OPUS, G.722, VP8/H.264), обеспечение стабильности и качества в нестабильных сетях (jitter, packet loss, QoS, FEC, адаптивный битрейт), оптимизацию производительности и многопоточности, проектирование модульного SDK с публичным API и подготовку технической документации. Формат: гибрид, офис в Москве 2–3 дня в неделю, оформление по ИП.","['Swift', 'Objective-C', 'C/C++', 'Linphone', 'VoIP (SIP, RTP/RTCP)', 'WebRTC', 'OPUS', 'G.722', 'VP8', 'H.264', 'CocoaPods', 'Carthage', 'XCFramework', 'Git', 'Git Flow', 'Fastlane', 'GitLab CI', 'Jenkins', 'Instruments', 'PushKit', 'ffmpeg']",Video & Media,,Москва,От 3 до 6 лет
Полимербыт,"Крупная развиваюшаяся компания АО ""Полимербыт"" ищет инженера-робототехника для постоянной работы. Обязанности: разработка, проектирование, сборка и наладка промышленных роботов (от идеи до запуска); разработка пневматической, механической, электронной и программной частей; техническое обслуживание, ремонт и модернизация электроники и электрического оборудования; прикладное использование ИИ в производстве; поиск и устранение неисправностей, наладка существующих роботов и вспомогательного оборудования. Требования: высшее либо среднее профессиональное образование по смежной сфере, интерес к робототехнике, электронике, программированию и ИИ, готовность освоить основы электротехники, механики, пневматики и микроконтроллеров. Условия: официальное оформление по ТК РФ, «белая» зарплата, график 5/2 8:00–17:00 (пятница — сокращённый), завод рядом со станцией метро ""Стахановская"" и электричками.","['3D печать', 'AI', 'ARM', 'Arduino', 'C', 'C++', 'IT', 'Linux', 'Orange Pi', 'Python', 'Raspberry Pi', 'STM32', 'SolidWorks', 'АСУ ТП', 'Автоматизация', 'Информационные технологии', 'Искусственный интеллект', 'КИП', 'Компас', 'Компас-3D', 'Компьютерные сети', 'Мехатроника', 'Микроконтроллеры', 'Разработка ПО', 'Робототехника', 'Электроника']",Robotics & Computer Vision & AI,,Москва,0
Конструкторское Бюро Промышленной Автоматики,"Разработка и поддержка программного обеспечения встраиваемых систем, ведение проектной документации. Требования: высшее техническое образование; знание C/C++, многопоточного программирования; знания в области растровой и векторной графики; умение работать с системами контроля версий (SVN), системами отслеживания ошибок; чтение технической документации на английском. Приветствуется знание UML и опыт разработки программной документации. Условия: официальное трудоустройство, полный рабочий день, гибкий режим, обучение за счет компании, ДМС и социальные компенсации; зарплата выше среднего.","['C', 'C++', 'SVN', 'Bug Tracking (системы отслеживания ошибок)', 'Многопоточное программирование', 'Растровая и векторная графика', 'UML', 'Техническая документация (англ.)']",Embedded & Firmware,from 81800 RUR,Саратов,0
СВИП-Айти,"Разработка и поддержка Desktop-приложения на C++/Qt для управления векторными анализаторами цепей и отображения результатов измерений. Обязанности: разработка и поддержка C++/Qt-приложений, оптимизация производительности, рефакторинг, участие в архитектурных решениях, код-ревью и проработка дизайна новых функций. Требования: C++11/14/17/20, Qt6 + QML, Git, документирование (Doxygen), английский A2-B1. Плюсы: опыт в Linux, CMake/qmake, многопоточность и асинхронность, понимание CI/CD. Условия: официальное трудоустройство, работа в офисе в Челябинске (не удалённо), соцпакет, карьера, столовая, медкабинет, охраняемая парковка, 5‑дневная рабочая неделя.","['C++ (C++11/14/17/20)', 'Qt6', 'QML', 'Git', 'CMake', 'qmake', 'Linux', 'CI/CD', 'Doxygen', 'Многопоточность/асинхронность']",Desktop Applications & CAD,from 80000 RUR,Челябинск,0
BRAM Technologies,"Ведущий разработчик IT-решений для телевидения и видеопроизводства ищет инженера-программиста C/C++ для разработки и поддержки интерфейсных и серверных приложений. Работа с PostgreSQL/Transact-SQL, Qt, STL; кроссплатформенная разработка под Linux и Windows, участие в командной разработке, сопровождение существующего кода. Условия: официальное трудоустройство по ТК РФ, график 5/2 в офисе (гибкое начало), оклад + квартальные премии, возможность роста.","['C/C++', 'PostgreSQL', 'Transact-SQL', 'Qt', 'STL', 'Linux', 'Windows', 'MS Visual Studio', 'Qt Creator', 'Golang', 'Docker', 'Kafka', 'Kubernetes', 'Subversion (SVN)', 'Redmine', 'JavaScript', 'MFC']",Video & Media,from 200000 to 260000 RUR,Москва,От 1 года до 3 лет
Оперативные и Надежные Решения,"Разработка и поддержка программного обеспечения (Python, JavaScript или C++); участие в проектировании архитектуры; интеграция с внешними сервисами и реляционными БД; оптимизация и рефакторинг кода; тестирование и отладка. Требования: опыт разработки от 1 года, уверенное владение одним из языков (Python, JavaScript, C++), знание ООП, структур данных и алгоритмов, опыт с Git и реляционными БД, умение разбираться в чужом коде. Условия: официальное трудоустройство, ""белая"" зарплата, график 5/2, офис в Курске, задачи на стыке науки и IT, возможности роста.","['C++', 'Python', 'JavaScript', 'PostgreSQL', 'REST', 'Git', 'Веб-программирование']",Backend & High-Load Services,from 120000 to 200000 RUR,Курск,От 1 года до 3 лет
ФГАУ НУЦСК при МГТУ им. Н.Э. Баумана,"Разработка профессионального ПО для промышленного ультразвукового дефектоскопа: глубокое взаимодействие с устройством через официальный SDK, разработка интерфейсов на Qt, визуализация данных ультразвукового контроля, работа с сетевыми сокетами (TCP/IP), парсинг бинарных потоков и обработка больших массивов данных; участие в задачах, связанных с электроникой и микроконтроллерами (как преимущество).","['C++ (C++14/17)', 'Qt 5.x (Widgets, Signals/Slots, Threads)', 'TCP/IP, сетевые сокеты', 'Парсинг бинарных данных, работа с raw-потоками', 'Визуализация данных (графики, большие массивы)', 'Работа со SDK/документацией (англ.)', 'ARM/STM32, АЦП (преимущество)', 'Навыки работы с электронной документацией (преимущество)']",Desktop Applications & CAD,from 150000 RUR,Москва,От 1 года до 3 лет
Корпорация Комета,"Сопровождение разработки программно-аппаратного комплекса (ПАК) и радиоэлектронных средств (РЭС): разработка и согласование документации по ГОСТ и иным нормативам, проведение тестирований и испытаний, аналитика (анализ аналогов, предложения по модернизации), ведение документооборота и протоколов совещаний, подготовка справочно-аналитических и презентационных материалов. Требования: высшее образование, грамотная устная и письменная речь, уверенное владение офисными программами, знание ООП, программирование на C, C++ или Python, знание принципов радиолиний и связи с космическими аппаратами. Условия: оформление по ТК РФ, соцпакет, работа со сведениями гостайны, шаговая доступность от метро Автозаводская/Дубровка.","['C++', 'C', 'Python', 'ООП', 'MS Office']",Embedded & Firmware,,Москва,Нет опыта
ТМХ ТМ,"Разработка и поддержка ПО для систем автоведения и безопасности трамваев (бортовое и наземное оборудование). Развертка и настройка отладочных стендов, мониторинг работоспособности, анализ и устранение инцидентов, выезды на объекты и участие во внедрениях. Требования: С++, Linux, Qt (4/5/6), Git; приветствуется опыт с CAN, Ethernet, buildroot, QtCreator, встраиваемыми Linux-системами, сетевыми протоколами (DNS/DHCP, TCP/IP) и написанием bash-скриптов. Условия: оформление по ТК РФ, график 5/2 с гибким началом, возможность гибрида, командировки, компенсации и соцпакет.","['C++', 'Linux', 'Git', 'Qt 4/5/6', 'CAN', 'Ethernet', 'buildroot', 'QtCreator', 'bash', 'TCP/IP/DNS/DHCP']",Embedded & Firmware,to 120000 RUR,Москва,От 1 года до 3 лет
ИнфоТеКС,"Стажировка DevOps (Build-Engineer) в ИнфоТеКС: работа с Linux (скрипты автоматизации), GIT, Docker и знание bash. Плюсом — сборка приложений под Linux (CMake/Make), опыт с TeamCity/Jenkins/GitLab CI, понимание CI/CD, знание Python или C++. Обязанности: доработка сборочных скриптов продукта, упорядочивание хранения сборок в централизованной системе, настройка почтовых оповещений. Условия: очная работа в офисе Санкт-Петербурга, договор ГПХ, стажировка 02.04.2026–10.07.2026, 20 ч/нед, совмещение с учёбой, ежемесячная стипендия 40 000 руб.","['Linux', 'Bash', 'Git', 'Docker', 'C++', 'CMake', 'Python', 'TeamCity', 'Jenkins', 'GitLab CI', 'CI/CD']",Operating Systems & Toolchains,40 000 руб/месяц (стипендия),Санкт-Петербург,0
Корпорация Комета,"Сопровождение разработки программно-аппаратного комплекса и радиоэлектронных средств: разработка и согласование документации по ГОСТ, проведение тестирований и испытаний ПАК и РЭС, аналитическая работа (анализ аналогов, предложения по модернизации), ведение документации и протоколов совещаний, подготовка справочно-аналитических и презентационных материалов. Требуется умение програмировать на C/C++ или Python, знание ООП, принципов радиолиний и связи с космическими аппаратами. Оформление по ТК РФ, возможен допуск к государственной тайне.","['C', 'C++', 'Python', 'ООП', 'ГОСТ', 'радиолинии', 'связь с космическими аппаратами']",Embedded & Firmware,,Москва,Нет опыта
Компания БФК,"Требуется инженер по тестированию (QA Engineer), ручное тестирование. Рассматриваются кандидаты только из Нижнего Новгорода. Компания разрабатывает и поддерживает клиент‑серверное ПО, Desktop и мобильные приложения, web‑решения, а также предоставляет услуги по обслуживанию компьютеров, серверов, торгового оборудования и видеонаблюдения. Ожидаются навыки: общее знакомство с C#, C++, T‑SQL; продвинутый уровень работы в Windows; базовые навыки тестирования (черный ящик, unit‑тесты), анализ результатов, докуменитрование тестирования; работа с офисными приложениями, баг-трекерами и системами контроля версий. Требования: высшее техническое образование, опыт тестировщиком от 1 до 3 лет. Условия: официальное трудоустройство по ТК РФ, полный соцпакет, 3 месяца в офисе с последующим гибридным графиком, обучение и компенсации, офис в Ленинском районе.","C#, C++, T-SQL, Windows, unit-тесты, метод 'черного ящика', баг-трекинг, системы контроля версий",Desktop Applications & CAD,,Нижний Новгород,От 1 года до 3 лет
АЛМИ Партнер,"ИТ-компания с более чем 20-летним опытом: разработка ПО для импортозамещения, цифровая трансформация, кастомизация и блокчейн/умные контракты. Вакансия Программист C++: разработка нового функционала, поддержка и багфикс для заказчиков, участие в проектировании архитектуры и code review. Требования: опыт разработки на C++ (минимум), уверенное владение Linux, понимание кроссплатформенной сборки, опыт с Git/GitLab CI, чтение технической документации на английском. Преимущества: опыт с open-source, Qt/QtQML, bash, Docker, HTTP/REST. Условия: официальное трудоустройство, удалённая или гибридная работа, ДМС, зарплата по результатам собеседования.","['C++', 'Git', 'GitLab', 'GitLab CI', 'Linux', 'Qt/QtQML', 'bash', 'Docker', 'HTTP/REST', 'OpenSource']",Desktop Applications & CAD,,Москва,От 3 до 6 лет
АСКОН,"Программа стажировки для Junior C++ разработчиков (3 месяца, онлайн) от ведущего российского разработчика инженерного ПО (КОМПАС-3D). Интенсив по C++ с акцентом на практику и особенности разработки инженерных систем, обучение в рамках SCRUM, стипендия с 2-го месяца для успешных стажёров и для лучших выпускников — гарантированное предложение работы на позицию Junior C++. Гибкий график, подходит для студентов старших курсов и выпускников. Старт: февраль 2026. Локация: Нижний Новгород.","['C++', 'Linux', 'Windows', 'ООП', 'SCRUM']",Desktop Applications & CAD,,Нижний Новгород,Нет опыта
РОЙ-АЭРО,"Разработка и поддержка ПО и прошивок для микрочипов, участие в проектировании архитектуры, оптимизация и отладка кода, ведение проекта в GitHub, работа в команде. Требуются углублённые знания C, C++, JavaScript, базовые знания Python, уверенная работа с Linux, Git/GitHub и CMake. Оформление по ТК РФ, «белая» зарплата (размер обсуждается после выполнения техзадания), полный рабочий день в офисе в Ростове-на-Дону, возможность практики для студентов, бесплатное питание.","['C', 'C++', 'JavaScript', 'Python', 'Linux', 'Git', 'GitHub', 'CMake', 'Embedded firmware']",Embedded & Firmware,,Ростов-на-Дону,Нет опыта
НеоБИТ,"Стажировка исследователя веб‑безопасности: участие в исследованиях и создании PoC‑приложений, доработка функционала веб‑приложений, систематизация и написание документации, проработка гипотез, интеграция решений, активное взаимодействие с командой, проектирование и поддержка ПО на Golang (иногда Python). Поддержка и использование различных языков и технологий, базовые навыки работы с СУБД и Docker, внимание к аспектам сетевой безопасности и уязвимостей веб‑приложений. Ориентировано на начинающих специалистов без опыта, с возможностью профессионального развития и социальными льготами (ДМС, компенсация спорта, премии, гибкий график, офис в 5 мин. от м. Политехническая).","['Golang', 'Python', 'TypeScript/JavaScript', 'Node.js', 'C#', 'C/C++', 'Java', 'Kotlin', 'Swift', 'PostgreSQL', 'MongoDB', 'Redis', 'Docker']",Security & Reverse Engineering,,Санкт-Петербург,0
Т1,"Разработка и поддержка backend‑сервисов на Go: проектирование архитектуры, оптимизация производительности, написание REST API и хендлеров без аллокаций (fasthttp), работа с PostgreSQL (сложные SQL), Kubernetes, Docker, gRPC; знакомство с WebRTC. Плюсом — CGO, C/C++, знание JS для чтения клиентского кода.","['Go', 'fasthttp', 'PostgreSQL', 'Kubernetes', 'Docker', 'WebRTC', 'gRPC', 'CGO', 'C/C++', 'JavaScript']",Backend & High-Load Services,,Казань,От 3 до 6 лет
Открытые решения,"Разработка системного ПО для защиты информации под Windows (библиотеки, сервисы, драйверы, перехватчики), участие в больших командах, проектирование интерфейсов компонентов, исследование механизмов защиты ОС, применение практик безопасной разработки (code-style, code review, статический анализ), документация и отчетность.","['C++', 'C/C++', 'Git', 'Linux', 'Windows', 'Низкоуровневое программирование', 'Драйверы (kernel-space)', 'UEFI', 'VMWare', 'SDL (безопасная разработка)', 'Reverse engineering', 'Криптография']",Security & Reverse Engineering,,Санкт-Петербург,От 1 года до 3 лет
Статус Комплайнс,"Портирование ОС Аврора на новые устройства: разработка, отладка и исправление драйверов и системных компонентов, оптимизация производительности и автоматизация процессов портирования; внедрение результатов в open source. Требуются знания Bluetooth, Fingerprint, GSM (SMS/Voice/Data), WLAN, GPU subsystem, Audio/Multimedia и опыт успешного портирования Linux на новые аппаратные платформы; уверенное системное программирование (C, bash), опыт с C++ и Python, понимание ядра Linux и модулей, работа с демонами (SystemV, systemd, d-bus) и системами сборки (Yocto, buildroot, kickstart, rpm/deb); опыт с ARM-платформами и инструментами gcc/gdb/git.","['C', 'C++', 'Bash', 'Python', 'Linux', 'Yocto', 'buildroot', 'Kickstart', 'rpm/deb', 'gcc toolchain', 'gdb', 'git', 'systemd', 'd-bus', 'ARM', 'Bluetooth', 'GSM', 'WLAN', 'Audio/Multimedia', 'Fingerprint']",Embedded & Firmware,,Москва,От 1 года до 3 лет
Бизнес Технологии,"Компания приглашает младших разработчиков (без опыта или с небольшим опытом) для работы над российскими ERP-решениями и платформой Global-FrameWork. Требуются понимание структурного программирования и ООП, знание SQL и реляционных БД; желательно PL/SQL, опыт с Oracle или PostgreSQL, знание C++, Java или Scala. Предлагается официальное трудоустройство, обучение и карьерный рост, белая зарплата, ДМС, график 5/2, офис в Казани.","['C++', 'Java', 'Scala', 'SQL', 'PostgreSQL', 'PL/SQL', 'Oracle', 'IntelliJ IDEA']",Backend & High-Load Services,from 60000 RUR,Казань,0
Велог,"Разработка ПО под Windows (C++) для приборов неразрушающего контроля. Требования: техническое образование, знание C++ и Qt, опыт работы от 1 года, умение работать с Git и MS Visual Studio. Условия: оформление по ТК, оплачиваемый отпуск, работа в офисе (м. Щёлковская), премии, надбавки и бонусы по результатам работы.","['C++', 'Qt', 'Git', 'MS Visual Studio', 'Windows']",Desktop Applications & CAD,from 100000 to 150000 RUR,Москва,От 1 до 3 лет
Розум Светлана Владимировна,"Разработка алгоритмов и моделей машинного обучения для автоматической генерации видеоконтента и улучшения качества изображений/видео; оптимизация производительности, интеграция и тестирование решений в продакшен, участие в исследованиях и внедрении новых методов обработки мультимедийных данных. Требуются высшее образование в смежной области, опыт с глубоким обучением и нейросетями, знание Python, C++ (или аналогичных), понимание обработки изображений и видеосигнала, опыт работы с большими данными и облачными сервисами. Предлагаются интересные проекты, конкурентная зарплата, гибкий график и возможности карьерного роста.","['C++', 'Python', 'Deep Learning', 'Neural Networks', 'Image/Video Processing', 'Cloud Services']",Video & Media,from 200000 RUR,Железнодорожный  (Московская область),От 1 года до 3 лет
Цитадель,"Разработка высоконагруженных распределённых систем реального времени для приёма и обработки сетевого трафика (голосовой, дата, служебная информация). Работа с парсингом протоколов, выявлением сигнатур сервисов и анализом логики их работы; требования — высокая надёжность и максимальная производительность.","['C++', 'Linux', 'сетевые протоколы']",Backend & High-Load Services,,Нижний Новгород,От 3 до 6 лет
Бигль,"РАБОТА В ОФИСЕ. Gamedev команда ищет Middle/Senior разработчика на Unreal Engine 5.4 для разработки PC-игры. Предлагают достойную оплату (обсуждается), участие в развитии продуктов, интересные задачи, комфортный офис (р-н ост. Гайдамак), дружный коллектив, удобное рабочее место и хороший компьютер, график 10:00–18:00, бесплатная парковка. Требования: портфолио (релизы приветствуются), уверенное знание Unreal Engine 5, владение Blueprints и C++, знание паттернов проектирования, структур данных и алгоритмов, опыт работы с системами контроля версий, технический английский, игровой опыт и понимание игровых механик.","['Unreal Engine 5.4', 'Blueprints', 'C++', 'Git']",Game Development,from 125000 RUR,Владивосток,От 1 года до 3 лет
Никс,"Разработка ПО для микроконтроллеров STM32: программирование на C/C++, работа в STM32CubeIDE и с CubeMX, настройка и использование периферии (ADC, DMA, Timer, I2C, UART, PWM, прерывания). Требуется умение читать схемы и работать с измерительными приборами (осциллограф, генератор, анализатор спектра, логический анализатор). Преимущества — знание работы регистров STM32, SDIO/SDMMC, опыт с ESP32, дисплеями/тачскрином, интерфейсами RS485/SPI и навык пайки. Офис в Москве, оборудованная лаборатория, питание, жильё для иногородних.","['C', 'C++', 'STM32', 'STM32CubeIDE', 'CubeMX', 'ADC', 'DMA', 'Timer', 'I2C', 'UART', 'PWM', 'SDIO', 'SDMMC', 'ESP32', 'RS485', 'SPI', 'Oscilloscope', 'Logic Analyzer', 'Soldering']",Embedded & Firmware,from 275000 to 305500 RUR,Москва,Нет опыта
Клируэй Текнолоджис,"Разработка серверных компонентов и новых функций для продуктов мониторинга и управления масштабными ИТ-инфраструктурами. Работа в микросервисной архитектуре на Go: создание и оптимизация сервисов, агентов, Kubernetes-операторов, перенос решений в Linux/контейнеры, интеграция с PKI, миграция Active Directory, обеспечение производительности и отказоустойчивости. Ожидаются внимательность к архитектуре, полная реализация фич от хранения данных до сервисов и умение читать техническую документацию на английском.","['Go', 'PostgreSQL', 'ClickHouse', 'Docker', 'Kubernetes', 'Helm', 'Istio / Service Mesh', 'Git', 'Ansible', 'DevOps / CI/CD', 'Linux', 'TLS / криптография', 'Keycloak', 'Active Directory']",Backend & High-Load Services,from 250000 to 350000 RUR,Москва,Более 6 лет
АСКОН,"Программа стажировки для начинающих разработчиков C++ (3 месяца, онлайн) в команде, разрабатывающей инженерное ПО (КОМПАС-3D). Интенсивный курс по C++ и практическая работа по методологии SCRUM, поддержка наставников, стипендия с 2-го месяца для успешных стажёров и гарантированное предложение о работе лучшим выпускникам. Старт в феврале 2026, гибкий график, возможна помощь с дипломом и прохождением практики. Требуется базовое знание C++, ООП и уверенная работа в Windows/Linux.","['C++', 'Linux', 'Windows', 'ООП', 'SCRUM']",Desktop Applications & CAD,,Коломна (Московская область),Нет опыта
БАЗИС,"Разработка и проектирование компонентов программно-определяемой системы хранения данных (SDS): улучшение производительности и поиск bottleneck’ов, поддержка и обновление существующего кода, написание и поддержка unit-тестов, интеграция системы хранения с другими компонентами инфраструктуры, документирование, участие в code review и предложениях по улучшению процессов.","['C', 'C++', 'Git', 'Linux', 'vTune', 'LinuxKI', 'kvm', 'qemu', 'libvirt', 'docker', 'podman', 'io_uring', 'SPDK', 'DPDK', 'eBPF', 'Jenkins', 'Ansible']",Operating Systems & Toolchains,,Москва,От 3 до 6 лет
Ассоциация IPChain,"Middle Auto QA Engineer (Python) в команде IPChain (продукт FonMix) — разработка и поддержка автоматизированных тестов для нового и существующего функционала b2b-сервиса озвучки. Требования: от 3 лет коммерческого опыта, глубокое понимание теории тестирования, опыт написания автотестов на Python с использованием Pytest, знание PostgreSQL, работа с TestRail (или аналогами), Postman и уверенное владение Git. Будет плюсом опыт с Selenium, Allure и настройкой CI/CD. Условия: официальное трудоустройство, белая зарплата, выбор формата работы (удалённо/гибрид/офис), гибкий старт, оплата обучения и участие в конференциях.","['Python', 'FastAPI', 'Pytest', 'PostgreSQL', 'Postman', 'TestRail', 'Git', 'Docker', 'CI/CD', 'Allure', 'Selenium', 'C++', 'JavaScript (Vue.js)', 'Nginx', 'ClickHouse', 'Elasticsearch', 'Sphinxsearch (MySQL)']",Backend & High-Load Services,from 200000 RUR,Москва,От 3 до 6 лет
Р-Софт,"Разработка ядра видеоаналитики и высоконагруженных серверных модулей на C++/Golang для систем безопасности; интеграция алгоритмов компьютерного зрения непосредственно на камерах с оптимизацией под ограниченные ресурсы; поддержка и развитие CI/CD (GitLab, TeamCity, Nexus) и автоматизация деплоймента. Требования: высшее техническое, экспертное владение C++ (многопоточность, low-level, оптимизация), глубокие знания Linux, готовность работать с Golang, технический английский. Условия: официальное оформление по ТК, официальная зарплата и соцгарантии, работа над социально значимыми проектами.","['C++', 'Golang', 'Linux', 'Git', 'GitLab', 'TeamCity', 'Nexus', 'CI/CD', 'multithreading', 'IPC', 'computer vision', 'AI']",Robotics & Computer Vision & AI,,Москва,Более 6 лет
ВЭЛРОК,"Компания полного технологического цикла по производству терморегуляторов и реле напряжения приглашает Программиста IoT-устройств. Задачи: полный цикл разработки прошивок для встраиваемых систем на базе ESP32, реализация и поддержка ZigBee и Matter, портирование решений на новые устройства, анализ и рефакторинг чужого кода, код-ревью, поиск и исправление багов на стыке железа и ПО, тесная работа с тестированием и аппаратниками. Требуются опыт embedded-разработки на С/C++, обязательный опыт с ESP32 и стеком ZigBee; знание Matter/Thread/BLE Mesh — преимущество. Удаленная работа, гибкий график, официальное оформление и регулярная зарплата.","['C++', 'ESP32', 'ZigBee', 'Matter', 'Thread', 'BLE Mesh', 'embedded', 'микроконтроллеры']",Embedded & Firmware,from 120000 RUR,Москва,От 1 года до 3 лет
Shvacher,"В продуктовую команду требуется Golang-разработчик для проектирования и разработки управляющей подсистемы (control plane) кластерных систем хранения данных в стеке Go/C/Linux. Обязанности: разработка компонентов управления сетью, файловыми системами и драйверами устройств, реализация мониторинга и телеметрии, написание unit-тестов, подготовка дизайн-документов и взаимодействие с командами data plane, frontend и тестирования. Требования: от 3 лет опыта разработки на Go, глубокие знания устройства и принципов работы Linux, опыт взаимодействия с модулями ядра или приложениями на основе DPDK/SPDK. Плюсы: опыт в многопоточных отказоустойчивых системах, знание сетей и файловых систем, gRPC, eBPF, C/C++, CGo, работа с подсистемами ядра и участие в open source. Условия: гибкий график, удалённо/гибрид/офис, ДМС со стоматологией, страхование родственников, официальное оформление по ТК РФ.","['Go', 'Golang', 'C++', 'CGo', 'Linux', 'eBPF', 'gRPC', 'DPDK', 'SPDK', 'NAS', 'NFS', 'NVMeOF', 'OpenTelemetry', 'S3', 'SAN', 'SMB', 'Software-defined storage', 'Storage', 'iSCSI']",Operating Systems & Toolchains,from 250000 to 600000 RUR,Санкт-Петербург,От 3 до 6 лет
Никс,"Разработка и отладка электронных изделий на микроконтроллерах (STM32, Atmel/AVR/XMEGA, ARM, TI): разработка схем и печатных плат для прототипов, написание ПО на C/C++ для микроконтроллеров, изготовление и отладка прототипов. Требования: знание трассировщиков (KiCad, Altium Designer, Sprint-Layout), умение читать и составлять принципиальные схемы, программирование MCU (AVR, ARM). Будет плюсом: пайка воздухом и SMD, знание элементной базы, опыт с интерфейсами UART/USART, SPI, I2C. Для иногородних — комфортабельное общежитие.","['C/C++', 'STM32', 'Atmel (AVR, XMEGA, ARM)', 'TI microcontrollers', 'PCB design (KiCad, Altium Designer, Sprint-Layout)', 'Схемотехника', 'UART/USART', 'SPI', 'I2C', 'SMD пайка', 'Прототипирование']",Embedded & Firmware,from 300000 to 333500 RUR,Москва,От 1 года до 3 лет
Ультиматек,"УльтимаТек — интегратор цифровых решений для промышленности России. В связи со стартом проекта по разработке системы математического моделирования химических процессов на нефтеперерабатывающих и химических производствах ищет Backend-разработчика (C++) для создания и сопровождения микросервисов. Требования: глубокие знания C++ (современные стандарты), опыт проектирования, разработки, тестирования, публикации и поддержки микросервисов, gRPC, REST API, Protocol Buffers, PostgreSQL, Redis, RabbitMQ, Kafka, модульное тестирование с gTest и участие в полном цикле разработки; плюсом — оптимизация производительности и опыт работы в распределённых командах. Условия: удалённая работа, конкурентная оплата и полный цикл разработки от анализа до внедрения и поддержки.","['C++', 'gRPC', 'REST API', 'Protocol Buffers (protobuf)', 'PostgreSQL', 'Redis', 'RabbitMQ', 'Kafka', 'gTest', 'микросервисы']",Backend & High-Load Services,,Москва,От 3 до 6 лет
Чегодаев Владислав Владимирович,"Компания разрабатывает и производит роботизированные комплексы полного цикла. Задачи: реализовать клиент‑серверное взаимодействие по API, обработку запросов и передачу данных (изображения с камеры, температура, уровень сигнала и т.д.). Требуются опыт работы с Linux, уверенное владение высокоуровневыми ЯП (предпочтительно Golang; рассматриваются C#, C++, Python) и понимание принципов IP/TCP/UDP и сетевого взаимодействия. Условия: зарплата от 70 000 ₽, гибкий график (офис/удалённо).","['Golang', 'C++', 'C#', 'Python', 'Linux', 'Git', 'SQL', 'Работа с базами данных', 'IP/TCP/UDP']",Robotics & Computer Vision & AI,from 70000 to 100000 RUR,Петрозаводск,От 1 года до 3 лет
SmartyHR,"Ведущая российская компания в области информационной безопасности и криптографии ищет Senior C++ разработчика для разработки шлюза удалённого доступа (RA VPN) и сервисов аутентификации/авторизации (RADIUS, LDAP, OpenID Connect). Задачи: разработка и доработка многопоточных и асинхронных сервисов на Linux, оптимизация ядра RA VPN в UserSpace с работой с сетью, участие в полном цикле разработки (проектирование, реализация, тестирование, код-ревью), поддержка инструментов сборки и тестовой инфраструктуры, написание автотестов на Python/bash и подготовка технической документации. Требования: коммерческий опыт разработки на C++ (C++17/20), глубокие знания многопоточности и асинхронного ввода-вывода, опыт сетевого ПО (IP, TCP, UDP, ARP), понимание криптопротоколов (TLS/DTLS/QUIC) или желание их освоить, знание AAA-протоколов и основ информационной безопасности. Плюсы: опыт с CUDA, матричными расширениями CPU, ARM64/RISC-V, знание принципов безопасной разработки и технический английский.","['C++17/20', 'C++', 'Linux', 'RA VPN', 'RADIUS', 'LDAP', 'OpenID Connect', 'IP', 'TCP', 'UDP', 'ARP', 'TLS', 'DTLS', 'QUIC', 'Python', 'bash', 'CUDA', 'ARM64', 'RISC-V']",Security & Reverse Engineering,до 500000 RUR,Москва,Более 6 лет
Кадровое агентство Аспект,"Разработка embedded-решений на базе Linux и микроконтроллеров для промышленной автоматики и телеметрии. Участие в создании программируемых контроллеров (ПЛК): написание драйверов, отладка аппаратной части, взаимодействие с периферией (I2C, SPI, UART, RS232, CAN и др.). Работа с платформой linux-sunxi (R40), администрирование Linux, чтение электрических схем, использование измерительных приборов. Требуются навыки программирования на C/C++ для Linux и MCU (STM, GD, NXP), знакомство с Keil и Eclipse, знание протоколов modbus, MQTT, protobuf. Условия: официальное оформление по ТК РФ, офис/удалённо/гибрид, работа в часовом поясе Москвы (GMT+3 ±3), график 5/2 (10:00–19:00 ±3 ч), север Москвы (БЦ ""Кантри-Парк""), ДМС, питание, оплата 50% за курсы, корпоративные мероприятия, ежегодная премия.","['C', 'C++', 'Linux', 'linux-sunxi (R40)', 'STM', 'GD', 'NXP', 'I2C', 'SPI', 'UART', 'RS232', 'CAN', 'Keil', 'Eclipse', 'modbus', 'MQTT', 'protobuf']",Embedded & Firmware,to 200000 RUR,Москва,От 1 года до 3 лет
БАЗИС,"Разработка и развитие клиентского продукта VDI (WorkPlace) для Linux-like: доработка функционала, фиксы, портирование на новые платформы, работа с ffmpeg для кодирования/декодирования видео, разработка юнит и интеграционных тестов (GTest), участие в кодревью и взаимодействие с командой продукта. Требования: высшее техническое образование, хорошая базовая подготовка в программировании, знание процессов разработки, git/gitflow, коммерческий опыт C++17 (STL/Boost) от 3 лет, опыт с Qt 5.15, qmake и cmake, разработка сетевых приложений на Qt и разработка под Linux. Плюсы: опыт с подсистемами Linux (USB, DRM, X11), обработкой и передачей видео/аудио, TCP/IP и мультимедийными протоколами, OpenGL/OpenGL ES, QML, boost::asio.","['C++17', 'STL', 'Boost', 'Qt 5.15', 'qmake', 'CMake', 'Git', 'Linux', 'ffmpeg', 'GTest', 'OpenGL/OpenGL ES', 'QML', 'boost::asio']",Desktop Applications & CAD,,Москва,3-6
Крафтвэй Корпорэйшн ПЛС (ГК Росатом),"Разработка распределённой отказоустойчивой и масштабируемой системы видеонаблюдения для нескольких тысяч камер и объединения ЦОД. Работа с видеопотоками и интеграцией видеоаналитики партнёров (RTSP/HTTP, ONVIF, ffmpeg), межсервисной коммуникацией (gRPC, MQTT, ZeroMQ), промышленными протоколами (Modbus TCP, BACnet), БД (PostgreSQL) и кроссплатформенной поддержкой Windows/Linux/Astra Linux. Требуется C++14+ и Qt, опыт проектирования распределённых систем и работы с видео (захват, сохранение, передача, метаданные). Плюсом — опыт с видеоаналитикой, Docker/Kubernetes и микросервисными архитектурами. Офис рядом с метро Алексеевская, возможен гибрид, пятидневка, официальное трудоустройство, ДМС после испытательного срока.","['C++14+', 'Qt', 'Linux', 'Astra Linux', 'Windows', 'PostgreSQL', 'Git', 'RTSP', 'HTTP', 'ONVIF', 'ffmpeg', 'gRPC', 'MQTT', 'ZeroMQ', 'Modbus TCP', 'BACnet', 'Docker', 'Kubernetes']",Video & Media,,Москва,От 3 до 6 лет
Радар ММС,"Ведущее промышленное предприятие Санкт-Петербурга ищет QA-инженера для тестирования СПО программно-аппаратных комплексов и роботизированных систем. Обязанности: функциональное, нагрузочное и регрессионное тестирование; создание методик тестирования и тест-кейсов; документирование процессов и написание отчетов; работа с баг-трекером и взаимодействие с разработчиками. Требуется опыт проведения различных видов тестирования и разработки тестовой документации; приветствуется базовое программирование на Java/C/C++. Офисная работа, график 5/2, соцпакет и корпоративные льготы.","['C++', 'C', 'Java', 'HTML', 'SQL', 'Тестирование', 'Техническая документация', 'Функциональное тестирование', 'Баг-трекинг']",Embedded & Firmware,,Санкт-Петербург,От 1 года до 3 лет
Мера Кью,"Не удаленная работа. Разработка ПО и библиотек под Windows (Linux приветствуется) на C# в Microsoft Visual Studio для приборов учета и контроля газа (телеметрия, технологические и сервисные программы, драйверы). Задачи: код-ревью, рефакторинг, разработка и реализация unit-тестов, написание технической документации. Требования: современные паттерны программирования, C#, .NET 6+, желателен C++, Entity Framework Core, работа с PostgreSQL и SQLite, уверенная работа с IP-сокетами и COM-портами, знание протокола Modbus, опыт многопоточного программирования, Git, чтение технической документации на английском. Плюс — опыт транспиляции C++ в C#. Официальное трудоустройство, полный соцпакет.","['C#', 'C++', '.NET 6+', 'Microsoft Visual Studio', 'Entity Framework Core', 'PostgreSQL', 'SQLite', 'IP sockets', 'COM ports', 'Modbus', 'Multithreading', 'Git', 'Unit testing']",Embedded & Firmware,from 140000 to 150000 RUR,Москва,От 3 до 6 лет
ТехВилл,"Ведущий технический специалист по роботизации и автоматизации процессов во «ВкусВилл». Ответственность за разработку MVP робосреды и внедрение промышленных манипуляторов Realman и Agibot в кухонной среде, технический контроль разработки настольного кухонного устройства и адаптацию импортного модуля. Проектирование robotic cell с учётом безопасности и санитарных требований, интеграция камер, датчиков, AI/LLM, участие в разработке низкоуровневого ПО, драйверов и API, проектирование систем безопасности (emergency stop, зоны остановки, защитные контуры), организация испытаний и подготовка конструкторской и эксплуатационной документации, обеспечение соответствия электробезопасности и ЭМС. Требования: высшее техническое образование, опыт в роли ведущего инженера/техлида по сложным электромеханическим или робототехническим системам (в описании вакансии — от 5 лет), опыт с промышленными манипуляторами, глубокие знания силовой и низковольтной электроники, понимание архитектуры встроенных систем, навыки работы с Blender/SolidWorks, опыт применения AI и LLM, программирование на C/C++, понимание ROS 2, англ. B2, наличие загранпаспорта и готовность к командировкам (Китай).","['C++', 'C', 'ROS 2', 'LLM / AI', 'Embedded systems', 'Power and low-voltage electronics', 'Blender', 'SolidWorks', 'Drivers / Firmware', 'Cameras and sensors', 'Middleware']",Robotics & Computer Vision & AI,,Москва,От 3 до 6 лет
Петренко Виктор Павлович,"Технологическая компания, разрабатывающая ПО и аппаратные решения для промышленной аналитики с использованием компьютерного зрения и мультисенсорных систем. Требуется Computer Vision Engineer для разработки и оптимизации алгоритмов обработки видео и изображений (сегментация, классификация, оценка глубины), работы с синтетическими и реальными 3D-датасетами, подготовки пайплайнов предобработки/аугментации и интеграции моделей на встраиваемые устройства (Rockchip, NVIDIA Jetson). Нужен опыт от идеи до прототипа/продакшена, глубокие знания Python, OpenCV, PyTorch/TensorFlow и навыки оптимизации моделей под ограниченные ресурсы.","['Python', 'C++', 'Bash', 'Docker', 'Git', 'Jupyter Notebook', 'Linux', 'MLflow', 'NumPy', 'OpenCV', 'PyTorch', 'TensorFlow', 'Scikit-learn', 'SQL', 'REST API', 'Rockchip', 'NVIDIA Jetson', 'Stereo/ToF камеры', 'LiDAR', 'Embedded/IoT']",Robotics & Computer Vision & AI,from 150000 to 210000 RUR,Москва,От 1 года до 3 лет
ФинГрад,"ФинГрад — российская аккредитованная IT‑компания, разрабатывающая low-code платформу для управления финансами. Роль: разработка и оптимизация ядра системы, обеспечение кроссплатформенности (Windows/Linux), работа с асинхронностью и многопоточностью, тестирование, отладка, исправление багов и автоматизация CI/CD. Требования: коммерческий опыт разработки на C++ от 3 лет, знание паттернов проектирования и идиом C++ (SFINAE, RAII), базовых алгоритмов и структур данных, понимание многопоточности; приветствуется готовность изучить C# и SQL, знания B+trees, MVCC, concurrent collections, CLR, опыт под Linux, глубокая работа с СУБД и парсерами (ANTLR + EBNF). Компания предлагает гибкий график, гибрид/удалённую работу, компенсацию обучения, ДМС, офис в Москве и другие льготы.","['C++', 'MS VC++ 2022', 'Win32', 'Linux', 'PostgreSQL', 'MS SQL Server', 'Docker', 'Jenkins', 'git', 'C#', 'SQL', 'ANTLR', 'EBNF', 'многопоточность', 'алгоритмы и структуры данных']",Operating Systems & Toolchains,,Москва,3-6
Neoflex,"Neoflex ищет разработчика C++ для разработки интеграционных приложений под Linux: получение и уточнение спецификаций, планирование цикла разработки, создание/адаптация моделей данных, приложений и интеграционных сервисов, разработка тестовых стендов и кейсов, поддержка мониторинга работоспособности систем. Требования: уверенное владение C/C++ (в описании указано от 5 лет), опыт работы с реляционными и key-value БД (PostgreSQL, Redis), взаимодействия с брокерами сообщений (Kafka, MQ/AMQ), Docker, Git; понимание принципов высоконагруженных отказоустойчивых систем. Условия: официальное трудоустройство, социальный пакет, ДМС, обучение, дистанционная работа по России, офисы в нескольких городах.","['C', 'C++', 'Docker', 'Redis', 'PostgreSQL', 'Kafka', 'Git', 'Linux', 'MQ/AMQ']",Backend & High-Load Services,,Москва,От 3 до 6 лет
Ю-Ти-Джи Внуково,"Разработка и сопровождение систем управления мобильной техники на серийных и собственных шасси: участие в формировании техзаданий и алгоритмов, разработка принципиальных схем автоматизации и электросистем, программирование ПЛК, панелей оператора и SCADA, разработка документации на ПО, участие в ПНР. Требуется опыт с микроконтроллерами и интерфейсами (UART, RS232, RS485, CAN, USB, Ethernet), знание ЕСКД, САПР для моделирования схем, метрологии и схемотехники электронных изделий, знание электронно-компонентной базы, основ электротехники (двигатели, преобразователи частоты, сервоприводы) и гидрооборудования. Образование — высшее; знание ПК: C++. График 5/2.","['микроконтроллеры', 'UART', 'RS232', 'RS485', 'CAN', 'USB', 'Ethernet', 'ПЛК', 'SCADA', 'панели оператора (HMI)', 'C++', 'ЕСКД', 'САПР (моделирование схем)', 'электротехника (двигатели, преобразователи частоты, сервоприводы)', 'гидрооборудование', 'метрология', 'схемотехника', 'электронно-компонентная база']",Embedded & Firmware,,Москва,От 3 до 6 лет
НПО ПКРВ,"Разработка «с нуля» и дальнейшее развитие десктопного приложения на C++ с использованием Qt под Linux (с возможным портированием на Windows) для ответственных промышленных задач. Проектирование архитектуры (UML), согласование решений, выбор и внедрение зависимостей, разработка ключевых частей приложения, оптимизация и мультипоточная разработка, написание автотестов. Техническое руководство и курирование команды Middle-разработчиков, наставничество и возможное становление тимлидом.","['C++', 'Qt (QtCore, QtGUI/QtWidgets, QtNetwork, QtXml, QtTest)', 'Linux', 'UML', 'Многопоточность', 'Оптимизация производительности', 'Автотесты / TDD (желательно)', 'Практики чистого кода (SOLID, DRY, KISS)', 'Безопасные практики C++ (MISRA и др.)']",Desktop Applications & CAD,from 350000 RUR,Москва,Более 6 лет
Железнов Илья Андреевич,"Небольшая инди‑команда ищет начинающего разработчика для создания коротких игр (30–50 минут) на Unreal Engine 5 с использованием Blueprints. Задачи: сборка прототипа и финальной версии, реализация простой игровой логики (логика, события, триггеры), интеграция ассетов и сборка билда под ПК по чёткому ТЗ. Требования: базовое понимание UE5, умение работать с Blueprints; глубокое знание C++ и коммерческий опыт не обязательны. Условия: проектная работа, оплата за готовый проект (бюджет до 10 000 ₽ за игру), возможна серия проектов при успешной работе.","['Unreal Engine 5', 'Blueprints (Visual Scripting)', 'C++ (не обязательно)', 'Marketplace ассеты']",Game Development,от 5000 до 10000 ₽,Москва,Нет опыта
