name,description,name,Core technologies,salary,required_experience,location
Инжиниринговый Центр Железнодорожного Транспорта,"Вы будете выполнять следующие обязанности: Участвовать в разработке внутренних продуктов компании, включая создание: пользовательских интерфейсов; клиент-серверной архитектуры; технической документации. В этих целях Вам необходимы: React.js - уверенное владение. Знание PHP, JS, Ajax, HTML, CSS. Знание SQL, опыт работы с СУБД, MS SQL или PostgreSQL. Работа с REST API: понимание основных видов запросов (GET, POST, PUT, DELETE). Понимание механизмов авторизации и аутентификации (OAuth2, JWT, BasicAuth) как с клиентской, так и с серверной стороны. Навык проектирования пользовательских интерфейсов. Знание основных шаблонов проектирования и умение применять их на практике. Опыт работы с Git (ветвление, merge, rebase, code review). Преимуществом будет: Опыт работ с QML, понимание работы серверной стороны, опыт разработки бэкенда, C++ и Go Если Вы работаете у нас, мы гарантируем Вам: Конкурентоспособную заработную плату; Гибкий график работы; Полное соблюдение трудового законодательства; Эффективную, прозрачную премиальную систему; ДМС; Работа в комфортном офисе А класса; Комфортное, оборудованное место для приема пищи с бесплатным кофе; Обучение за счёт компании. Если наша вакансия заинтересовала Вас, нажмите на кнопку «Откликнуться на вакансию» и мы ответим Вам!",Frontend-разработчик,C++; Git,,От 1 года до 3 лет,Москва
BND LLC,"BND - консалтинговая компания, специализирующаяся на предоставлении услуг в области бизнес-аналитики (BI, Business Intelligence), риск-менеджмента, управления взаимоотношениями с клиентами (CRM), финансовой консолидации и электронного бизнес Сейчас в компании активно развивается направление DS. Мы решаем задачи в области computer vision и прогнозирования, связанными с промышленностью. Поэтому очень ищем специалиста Data Science (уровень junior) ❗️ Для данной позиции предусмотрено тестовое задание, если откликаетесь, то будте готовы его выполнить ✔️ Ваши будущие задачи: • Собирать и готовить данные для использования в ML-моделях • Разработка и поддержка микросервисов на Python, основанных на моделях компьютерного зрения, и их интеграция с другими компонентами систем; • Тестирование, оценка и оптимизация производительности моделей и сервисов, созданных на их основе, а также сборка ML-пайплайнов. Стек технологий: Python (OpenCV, NumPy, Pandas, PyTorch), SQL, Triton Inference Server, TensorRT, Docker, Kubernetes, Helm ✔️ Мы ожидаем: • Высшее образование (математическое, техническое) • Возможность работать полную рабочую неделю (full time) • Знание современных архитектур нейросетей • Понимание как устроены классические алгоритмы машинного обучения и принципы их работы • Опыт с проектами CV (Computer Vision) и deep learning • Английский для чтения статей и технической документации Будет плюсом, если вы: • Обучали и применяли на практике CV модели • Работали с контейнеризацией при помощи Docker и кластером на Kubernetes • Знаете С++ • Знакомы с TensorRT и CUDA. ✔️ Что мы готовы вам предложить: • Работу в интересном проекте крупного заказчика; • Перспективы роста и развития в компании; • Достойный уровень компенсации; • Оформление по ТК РФ; • График 5/2, гибридный график работы; • ДМС, после прохождения испытательного срока; • Гибридный график работы (1-2 раза в неделю офис), полного удаленного формата работы не предусмотренно; • Офис в центре Москвы 5 минут от м. Новокузнецкая / м. Третьяковская",Data Scientist (Junior),Computer Vision; ML; NamPy; OpenCV; Python; SQL; TensorPT; pandas,to 100000 RUR,Нет опыта,Москва
IBS,"Компания IBS, ключевой технологический партнер лидеров российского бизнеса, начинает формирование кадрового резерва для будущих стажёрских программ. Мы ищем целеустремленных выпускников и начинающих специалистов, которые хотят построить карьеру в ИТ и получить первый серьезный опыт в крупных проектах. Для чего мы формируем резерв? Мы готовимся к запуску новых стажёрских программ - 2026. Кандидаты, успешно прошедшие предварительный отбор и зачисленные в резерв, будут первыми приглашены на стажировку, как только она стартует. Что вас ждет на стажировке? - Выбор направления: вы сможете развиваться в одной из востребованных областей: Аналитика: системная аналитика, бизнес-аналитика, фуллстэк-аналитика, аналитика Big Data. Разработка: на C++, Java, Python, C#, JavaScript, Базы данных. Тестирование: ручное, универсальное, нагрузочное. ИИ: Data Science и Machine Learning. Внедрение и сопровождение: консультант по информационным системам, системный инженер. - Формат: удалённая программа, длительностью от 1 недели до 2 месяцев. Обучение включает онлайн-встречи с экспертами 3-4 раза в неделю в вечернее время. - Итог: все участники, завершившие программу, получат сертификат. Лучших выпускников мы пригласим на работу в штат компании IBS в городах присутствия наших офисов. Первый шаг к стажировке — предварительный отбор: Чтобы попасть в кадровый резерв, вам необходимо успешно пройти вводное онлайн-тестирование на базовые навыки: - Логическое мышление (3 задания на логику - до 15 минут). - Основы SQL (тест по основам SQL - до 15 минут). - Работа с данными в Excel (кейс-задание с данными в таблице - до 30 минут). Мы ждем от вас: - Неполное высшее (последние курсы) образование в сфере ИТ, математики, информатики, бизнес-информатики или смежных областях. - Базовые знания в одном из интересующих вас направлений (анализ данных, программирование, тестирование). - Готовность работать из офиса при последующем трудоустройстве в штат компании. - Системное и аналитическое мышление. - Готовность учиться и активно включаться в проекты. - Ответственность и нацеленность на результат. Что мы предлагаем в перспективе (после зачисления на стажировку): - Бесплатное обучение у экспертов-практиков на примере реальных проектов. - Работу с передовыми технологиями для крупнейших российских компаний. - Персонального наставника. - Возможность войти в штат компании по итогам стажировки. - Понятный карьерный путь: от стажера до ведущего специалиста. - Работу в профессиональной и динамичной команде. Как стать кандидатом из резерва? Пройдите первичное тестирование! Если ваши базовые навыки соответствуют нашим требованиям, мы внесем вас в список кандидатов в кадровый резерв и свяжемся с вами в первую очередь при старте подходящей стажёрской программы. Для записи на тестирование, оставь свой отклик и жди письмо-приглашение на электронную почту. Далее действуй, согласно инструкциям в письме. Начните свой путь в ИТ с IBS!",ИТ-специалист (стажер),C#; C++; MS Excel; SQL,,Нет опыта,Пермь
ЦУГАМ,"ООО ""ЦЕНТР УПРАВЛЕНИЯ ГОРОДСКОЙ АЭРОМОБИЛЬНОСТЬЮ"" одна из лидирующих производственных компаний в сфере развития беспилотных систем - осуществляет разработку, занимается полным циклом серийного производства и технической эксплуатацией беспилотных летательных аппаратов и беспилотных авиационных систем. В нашей компании открыта позиция вackend-разработчик в лабораторию интеллектуальных систем службы научно-технических разработок и инноваций. Обязанности: разработка серверной части наземной станции управления; разработка алгоритмов управления БПЛА; оптимизация и доработка существующего кода. Требования: высшее техническое образование; базовые знания линейной алгебры и численного дифференцирования; уверенное владение Python; опыт работы с Flask/FastAPI; опыт разработки многопоточных приложений; умение работать с сетевыми протоколами tcp/udp; ответственный подход к работе и способность принимать самостоятельные решения для достижения поставленных задач. Будет плюсом: опыт работы с автопилотом Ardupilot; знание основ механики полета и аэродинамики; опыт разработки НСУ (наземная станция управления); владение C++; опыт кросс-платформенной разработки на C++/Python; опыт в frontend разработке для веб приложений. Условия: график работы 5/2 с 9 до 18; испытательный срок - 3 месяца; официальное трудоустройство, социальный пакет по ТК РФ; стабильный доход, «белая» заработная плата; корпоративная программа ДМС; компенсация питания; возможность профессионального и карьерного роста; возможность обучения на рабочем месте по схеме ""работник - наставник""; профессиональный и дружный коллектив; место работы: м. Раменки, м. Университет, м. Проспект Вернадского. Присоединяйтесь к нашей команде! Ждем Ваши отклики!",Backend-разработчик,C++; Python,,От 1 года до 3 лет,Москва
Ростелеком Информационные Технологии,"В команду B2B Видеонаблюдения Ростелеком ИТ мы ищем опытного Руководителя проектов. Видеонаблюдение Ростелеком – высоконагруженная компонентная платформа, обслуживающая до 350 тысяч камер онлайн, обеспечивающая хранение, трансляцию и обработку видеопотоков, событий, взаимодействие с бизнес-приложениями, в том числе с видеоаналитикой, отчётностью и прочими потребителями видеоинформации. В состав платформы видеонаблюдения входит: Собственное ПО для видеокамер (прошивка); Видеотракт; Управляющий контур backend (в том числе управление камерами); Система хранения данных пользователей (видео, события с камер и видеоаналитики); Настольное и мобильные приложения, WEB личный кабинет. Чем нужно будет заниматься: Ведение нескольких проектов по развитию Видеоаналитики на всех стадиях, от запуска до сопровождения; Организация работы команд разработки (фронтенд, мобильная, backend на Go, Ruby, C++), DWH, аналитики и архитектуры; Контроль за соблюдением финансовых показателей и сроков реализации проектов; Коммуникация с внешними вендорами и внутренними заказчиками; Участие в планировании и приоритизации задач, принятие тактических решений по развитию продукта и глубокое погружение в технические детали для поиска оптимальных архитектурных решений. Что мы от тебя ожидаем: Опыт управления сложными ИТ-проектами от 5 лет, включая работу с высоконагруженными системами и мультикомандной структурой; Высокий уровень коммуникативных навыков: Ключевая компетенция для этой роли — способность выстраивать конструктивные отношения со сложными стейкхолдерами, управляя их ожиданиями в условиях высокой неопределенности; Техническая грамотность: Умение глубоко погружаться в технические детали, включая понимание особенностей микросервисной архитектуры и участие в обсуждении архитектурных компромиссов; Опыт одновременного ведения нескольких проектов и эффективной приоритизации задач; Понимание принципов Agile и опыт их применения в реальных проектах; Профильные знания (будут преимуществом): Понимание базовых принципов работы видео, видеопотоков, основ компьютерного зрения. Опыт применения AI в проектах. Наличие сертификации в проектном управлении. Что мы предлагаем: Удаленную работу (только в РФ) с гибким началом рабочего дня; Оформление по ТК РФ в аккредитованной ИТ-компании; Оклад и квартальные премии; Кафетерий льгот с возможностью выбора категорий (ДМС или компенсация затрат на медицинские услуги, спорт и т.д.). Если ты готов стать частью масштабного и сложного проекта и обладаешь вышеперечисленными навыками, то будем рады рассмотреть твой отклик!:)",Руководитель проекта / менеджер проекта,C++; Деловая коммуникация; Жизненный цикл проекта; Планирование бюджета; Проектный менеджмент; Управление коммуникациями; Управление ожиданиями,,Более 6 лет,Москва
ГравиЛинк,"Привет! Мы — группа разработчиков с обширным техническим багажом в самых разных областях. Мы используем нетипичный стек наших собственных технологий (в частности, пишем на собственном языке программирования MPL), развивая и улучшая их. Нам кажется, мы можем предложить очень много интересного людям, которые бы хотели прокачаться не только в написании прикладного кода, но и в создании разных сложных инструментов разработки. У нас скопилось много задач по написанию различных фреймворков и библиотек, поэтому мы решили создать отдельную вакансию на инфраструктурные активности. Ниже перечислены несколько самых приоритетных проектов. Мы бы хотели написать MPL плагин для VS Code (в очень далёкой перспективе вообще свою web-IDE), обёртку над Telegram-api для написания ботов, пакетный менеджер, фреймворк для тестов, ORM, фреймворк для написания фронтенда на MPL (мы хотим поресерчить, как в разных js фреймворках делается реактивность, и реализовать её на MPL, чтобы можно было прямо на нём создавать fullstack web-приложения через wasm). Кроме того, совсем недавно у нас появилась новая версия компилятора, позволяющая удобно его расширять, так что в ближайшее время мы нагенерируем задачи и на развитие самого языка тоже. У нас вы получите возможность: - приобрести солидный и очень разносторонний опыт (в нашей компании нет людей, занимающихся ""перекладыванием json'ов"") - работать в сильной и дружелюбной команде (большая часть всех когда-либо работавших в компании сотрудников — выпускники из мест вроде МКН, ФКН, ФПМИ, мат-меха и мех-мата) - изучать новые технологии и расти, как специалист - участвовать в полном цикле разработки и предлагать любые улучшения Нам важно, чтобы вы: - имели твёрдые фундаментальные знания математики и информационных технологий - имели реальный опыт программирования на любом объектно-ориентированном языке (не в учебных проектах) - имели опыт работы с базами данных - имели опыт работы с докером - знали основные сетевые протоколы, писали сетевой код - умели работать с системами контроля версий и ишью-трекерами Мы обрадуемся, если: - у вас есть реальный опыт работы с языками, предоставляющими высокий уровень контроля над кодом (например, C++) - у вас есть хотя бы небольшой опыт в проектировании архитектур распределенных систем - вам интересно проявлять инициативу и брать на себя ответственность за отдельные продуктовые направления",Разработчик,C++; Docker; Git; Базы данных; Информационные технологии; Распределенные системы; Сетевые протоколы,from 512000 to 768000 RUR,От 1 года до 3 лет,Санкт-Петербург
"Российский университет дружбы народов, ФГАОУ ВО","Открыт конкурс на замещение научного сотрудника в объединенном институте химических исследований РУДН. Обязанности: Применение методов машинного обучения для анализа экспериментальных данных. Разработка и оптимизация ИИ-алгоритмов для решения научных задач; Написание кода и создание ПО для автоматизации анализа данных и моделирования. Работа с библиотеками TensorFlow, PyTorch, scikit-learn; Научные исследования: Подготовка статей, отчетов и презентаций. Участие в конференциях и семинарах; Интеграция ИИ-решений в существующие исследования; Проведение лекционных и практических занятий со студентами согласно учебному плану не более 40 акад.часов в семестр. Требования: Образование высшее (естественные науки или точные); Ученая степень: кандидат наук, PhD; Наличие авторских свидетельств на изобретения или научных трудов; Опыт работы с машинным обучением – не менее 2 лет (не стажировка, не академический интерес, а реальная практика); Отличное знание алгоритмов и методов машинного обучения; Навыки программирования Python, R, C++ или другие языки; Работа с библиотеками ИИ (TensorFlow, PyTorch, scikit-learn, Keras); Свободное владение ПК (MS Office); Владение английским языком на уровне чтения литературы; Ответственность, исполнительность, умение работать в коллективе; Будет преимуществом: опыт работы с большими данными и высокопроизводительными вычислениями, наличие публикаций в рецензируемых журналах. Ключевые показатели эффективности (КПЭ): Публикация статей в журналах WoS/Scopus (Q1-Q2) – не менее 2 статей в год; Проведение лекционных и практических занятий спецкурса по использованию искусственного интеллекта и аддитивных технологий в химии со студентами согласно учебному плану не более 40 акад.часов в семестр. Условия: Эффективный трудовой договор по основному месту работы, оплачиваемые больничные и отпуска; График работы 5/2; Срок контракта: 31.12.2028 г.; Работа на территории работодателя в одном из ведущих вузов России; Ежегодный медосмотр в медицинском центре университета за счет работодателя; Возможность проходить обучение по дополнительным профессиональным программам за счет работодателя; Участие в конференциях, публикации, возможность защиты докторской диссертации, современное оборудование и ПО для исследований; ​​​​​​​Современный информационно библиотечный комплекс, доступ к библиотечным ресурсам и научным базам данным; Развитая система надбавок и премирования, выплаты по итогам выполнения показателей эффективного контракта; Профсоюз РУДН: социальная поддержка работников, также предоставляются различные льготы, такие как посещение театров, музеев и концертных площадок города и скидки на платные услуги КДЦ. Российский университет дружбы народов им. Патриса Лумумбы (РУДН) — это не только образовательный, но и крупный научный центр с обширными международными связями. Мы гордимся нашим квалифицированным коллективом и стремимся к качественной подготовке специалистов. Присоединяйтесь к нам и станьте частью команды, которая меняет мир к лучшему. Благодарим Вас за проявленный интерес к нашему университету и открытым позициям. Будем рады Вашему отклику на вакансию!",Научный сотрудник,C++; Keras; MS Office; Machine Learning; PyTorch; Python; R; Scikit-learn; TensorFlow; Аналитические исследования; Английский язык; Машинное обучение; Научная деятельность; Научные исследования; Обучение и развитие; Организация учебного процесса; Умение работать в коллективе,from 140000 to 200000 RUR,От 1 года до 3 лет,Москва
Excdev,"Чем предстоит заниматься: • Полный цикл разработки ПО;• Разрабатывать и поддерживать бэкенд: писать фичи, покрывать тестами, писать ревью, улучшать стабильность;• Участвовать в масштабировании инфраструктуры: предлагать и реализовывать решения, устранять сбои;• Влиять на инженерную культуру: участвовать в техдискуссиях, прокачивать процессы и подходы внутри команды. Мы ждем, что вы: • Имеете опыт коммерческой разработки от 3-х лет;• Комфортно чувствуете себя с Python,Go, C++,сможете исправить баг в другом ЯП;• Знаете принципы ООП и имеете опыт разработки многопоточных приложений;• Умеете работать с базами данных и брокерами сообщений;• Умеете работать в Linux, использовать Docker, Git, можете выйти из Vim;• Работали с API, знаете принципы REST;• Знакомы с TCP/IP, знаете основные протоколы.Удаленный формат работы Возможность работать из любой страныГрафик 5/2 с 10.00 до 19.00 по московскому времени",Разработчик Go,C++; Git; Golang; Python,,От 3 до 6 лет,Москва
OpenHiring,"We help our client, international algotrading firm, find Software Engineer. The position involves full-time work from the company's office in the CIS Task: Automate the work by Quantitative Researchers. This role does not involve the development or implementation of quantitative algorithms. During Your Time with Us, You May: Enhance research workflows by automating processes, refining implementations, and optimizing model deployment for Quantitative Researchers (primarily using Python). Maintain and support production code by managing dependencies, resolving data gaps, setting up timely alerts, and ensuring comprehensive logging (primarily in Python). Design and implement ETL pipelines to process diverse datasets efficiently. Develop unit and integration tests using frameworks like googletest, pytest, and unittest.mock. Contribute to the development and enhancement of research libraries, primarily in C++. Conduct code reviews for both C++ and Python projects. Key Qualifications A minimum of 3 years of experience as a Software Engineer at a top-tier company, with Python as the primary programming language. Strong academic background, holding at least an upper-second-class (or international equivalent) undergraduate degree from a respected institution in Computer Science or a related technical discipline. Proficiency in C++. Experience in developing Python libraries for quantitative researchers. Solid understanding of the operational, maintenance, monitoring, and support requirements of critical business systems. Proactive approach to identifying inefficiencies, bottlenecks, and opportunities to improve workflows and software performance. Hands-on experience with software workflows, testing, and deployment methodologies in highly agile environments. Intermediate or higher proficiency in both English and Russian. Preferred Expertise Experience with workflow automation tools (Airflow, Prefect, Dagster). Familiarity with ETL/ELT processes and related technologies (Pandas, Dask, Spark, Parquet). Knowledge of scientific computing in Python (NumPy, Pandas, SciPy, Cython). Hands-on experience integrating C++ with Python. Background in computational mathematics. Proficiency with data modeling libraries (dataclasses, Pydantic). Familiarity with static code analysis tools (Ruff, Pylint, Mypy, Pyright, Flake8). Skills in performance profiling and optimization (CPU, Memory, Filesystem). Experience with CI/CD pipelines (GitHub Actions, GitLab CI, Jenkins). Understanding of time-series databases (VictoriaMetrics, Prometheus, InfluxDB). Cloud services (AWS, GCS) Competence in system monitoring tools (Grafana, Sentry, ELK). Perks & Benefits A supportive and inclusive work environment with a diverse team of top professionals from various industries. Wellness stipend to promote a healthy lifestyle. Comprehensive medical coverage. Insurance for personal accidents and critical illnesses. Assistance for caregivers, including emergency dependent care options. Office-provided meals. Relocation assistance for candidates moving from outside. NB: 1) Only CV in English will be considered. If you submit a CV in Russian, please be prepared to send your full CV in English upon request. 2) Relocation only 3) В сопроводительном письме просьба подтвердить готовность к переезду.",Python Engineer,C++; Git,from 400000 RUR,От 3 до 6 лет,Москва
TrueConf,"IT-компания TrueConf ищет разработчика С++​​​​​​ На данный момент мы рассматриваем кандидата для работы в офисе Чем предстоит заниматься: Разработка ПО для продуктов компании; Исправление проблем и ошибок в существующих программных продуктах; Создание Unit-тестов для существующего и нового кода. Наши ожидания: Знание современного стандарта C++20, STL; Знание базовых алгоритмов; Умение работать с системой контроля версий Git; Умение разбираться в чужом коде; Умение/желание работать в команде. Будет существенным плюсом: Опыт разработки и отладки многопоточных приложений; Опыт работы с boost (boost.asio); Знакомство в фреймворком GoogleTest; Умение читать и понимать простые SQL-запросы; Мы предлагаем: Стать частью компании, развивающей отечественный рынок видеоконференцсвязи; Официальное трудоустройство в аккредитованную IT-компанию; Уютный офис в шаговой доступности от м. Электрозаводская и м. Семёновская; График 5/2 + возможность индивидуально согласовывать рабочие часы при необходимости; Работа в комфортных условиях: персональное, оборудованное рабочее место; Активный корпоративный отдых; Спортзал на территории офиса; Обучение ключевым навыкам; Конкурентная заработная плата, определяемая по результатам собеседования. P.S. Уважаемые соискатели, в сопроводительном письме: 1. Уточните, какие пункты из разделов ""требования"" и ""будет плюсом"" к нашей вакансии совпадают с вашим стеком? 2. Укажите желаемый уровень ЗП. 3. Поделитесь примерами вашего кода (можно ссылку на гитхаб), если не указано в резюме. 4. Подходит ли вам график 5/2 в офисе на full time?",Разработчик / Младший разработчик C++,C++; Git; Linux; STL; Адаптивность; Английский язык; Желание постоянно развиваться; Инициативность; ООП; Ответственность; Работа в команде; С++ 20; Самообразование; Самостоятельность,from 100000 RUR,Нет опыта,Москва
Лаборатория системных технологий,"Мы занимаемся разработкой мобильных и социальных игр, являемся авторами некоторых самых популярных игр в российских и зарубежных социальных сетях. Наша цель - вырасти в ведущего разработчика мобильных игр. В связи с увеличением проектов ищем в нашу команду опытного программиста для разработки мобильных игр с большой аудиторией. Задачи: Программирование UI Создание анимации и встраивание дизайна Программирование логики интерфейса с использованием MVC Разработка прототипов игр Сетевое взаимодействие и синхронизация данных Развитие игровых движков и библиотек Рефакторинг, оптимизации Разработка вспомогательных систем и утилит Что мы ожидаем от Вас: Опыт работы в программировании от 5 лет Готовность к тестовому заданию Открытость к интервью с алгоритмическими задачами Знание технического английского языка Знание ООП, базовых алгоритмов и структур данных Математический склад ума Знание современных технологий и инструментов разработки Умение работать в команде и хорошие коммуникативные навыки Способность к быстрому обучению и адаптации к новым технологиям Умение писать чистый, поддерживаемый и хорошо документированный код Что мы предлагаем Вам: Демократичное руководство: мы ценим ваши идеи и готовы их обсуждать Возможности для профессионального роста и развития: мы поддерживаем ваше стремление к обучению и повышению квалификации Удаленная работа с использованием различных моделей сотрудничества Беспрепятственная адаптация и всесторонняя поддержка со стороны нашей команды Конкурентоспособная заработная плата, своевременно пересматриваемая за личные достижения и участие в проекте Стандартная 5-дневная рабочая неделя, синхронизированная с часовым поясом 28 календарных дней оплачиваемого отпуска Государственные праздники",Middle+ JavaScript developer,C++; HTML; Java; JavaScript; JavaScript developer; MVC; Node.js; middle developer; senior developer; Английский язык; Ведущий программист; ООП; Программист,,От 3 до 6 лет,Москва
В Кадре,"ИТ-ИМПЛАНТ - аккредитованный системный интегратор, специализирующийся на заказной разработке и внедрении индивидуальных ИТ-решений для бизнеса. Миссия компании: Для компаний: Дать возможность сильным компаниям увеличиваться, благодаря аутстаффингу эффективных IT-специалистов. Для соискателей: Дать возможность трудоустройства сильным соискателям в передовые компании на выгодных условиях труда. Мы ищем C/C++ на наши проекты. Чем предстоит заниматься: Разработка, оптимизация и поддержка высоконагруженных и низкоуровневых компонентов на C/C++. Участие в полном цикле разработки: от проектирования архитектуры и написания кода до код-ревью, тестирования и профилирования. Написание производительного, надежного и поддерживаемого кода с учетом современных стандартов языка (C++11/14/17/20). Работа с многопоточностью (multithreading) и асинхронными моделями программирования. Оптимизация кода для повышения производительности и снижения потребления памяти. Проектирование и реализация сетевых взаимодействий (sockets, TCP/IP, UDP, протоколы более высокого уровня). Тесное взаимодействие с командой: архитекторами, QA-инженерами, разработчиками других модулей. Наши ожидания: Обязательные: Опыт коммерческой разработки на С++ от 3 лет . Глубокое знание стандартов С++11/14/17 и их особенностей (move-семантика, лямбды, шаблоны, RAII, умные указатели). Понимание принципов ООП, STL, шаблонного метапрограммирования . Опыт работы с многопоточностью (std::thread, mutex, atomic, lock-free структуры) и понимание проблем конкурентного доступа (race condition, deadlock). Навыки отладки, профилирования и оптимизации кода (gdb, Valgrind, perf, VTune). Уверенное владение системой контроля версий Git . Знание алгоритмов, структур данных и понимание их вычислительной сложности. Опыт работы в Linux (как основная ОС для разработки) или Windows (в зависимости от проекта). Умение писать unit-тесты (Google Test, Catch2 и т.д.) и понимание важности тестирования. Будет преимуществом (у нас очень разные проекты): Для системного/низкоуровневого программирования: Знание внутреннего устройства ОС (Linux kernel API, системные вызовы, планировщик, память). Опыт работы с сетевым стеком ОС (io_uring, DPDK). Понимание компьютерных архитектур (CPU cache, pipeline, SIMD-инструкции: SSE, AVX). Для инфраструктуры/высоконагруженных сервисов: Опыт с сетевыми протоколами и фреймворками (gRPC, Protobuf, ASIO, Boost.Beast). Знание технологий контейнеризации (Docker, Kubernetes). Опыт разработки распределенных систем. Для embedded/real-time систем: Опыт работы с ""голым железом"" (bare-metal) или ОС реального времени (FreeRTOS, QNX, VxWorks). Знание ограниченных ресурсов (память, процессор), работа без стандартной библиотеки. Понимание электроники на уровне ""замыкание пина"". Для игровой разработки: Опыт работы с игровыми движками (Unreal Engine, собственными движками). Знание компьютерной графики (OpenGL, Vulkan, DirectX) и математики для игр (линейная алгебра). Понимание игровых сетевых моделей и физики. Общие технологические бонусы: Опыт работы с С (особенно для embedded, kernel) . Знание скриптовых языков (Python, Bash) для автоматизации. Опыт работы со сборщиками (CMake, Bazel). Знание принципов CI/CD. Мы предлагаем: Удалённый формат работы Оформление по Самозанятости или ИП (По ТК РФ ставка будет ниже) Фултайм График работы с гибким началом рабочего дня Стеки на проектах разные, откликайтесь!",Разработчик C/C++,C++; CMake; DirectX; Git; Metal; OpenGL; Unreal Engine; Vulkan,from 250000 to 280000 RUR,От 3 до 6 лет,Москва
Heads and Hearts,"Мы – технологическая компания WellStor. Нашими ключевыми направлениями на текущий момент являются серверы общего назначения (на базе архитектуры х86) и системы хранения данных. Мы расширяем направление разработки системы хранения данных (СХД) и находимся в поиске Go/C++ Software Developer. Наши ожидания: Уверенное знание Go, C++ опыт от 2–3 лет в продакшн-проектах Опыт проектирования микросервисов и работы с gRPC/REST Хорошее понимание SOLID, clean architecture Опыт контейнеризации (Docker, Kubernetes) Понимание принципов CI/CD Навыки профилирования и оптимизации производительности Знания английского языка, достаточного для чтения технической литературы и документации; Будет плюсом : Опыт системного программирования (Linux, сетевое взаимодействие, SPDK) Знание С или Rust как дополнительного языка Опыт работы с распределёнными системами хранения данных Чем предстоит заниматься: Разработка и поддержка сервисов на Go (1.20+) Проектирование API (REST/gRPC), интеграция с внешними системами Оптимизация производительности и отказоустойчивости backend-сервисов Работа с Kubernetes: деплой, конфигурация, сервис discovery Интеграция мониторинга и метрик (Prometheus, Grafana) Участие в код-ревью, написание unit- и интеграционных тестов Совместная работа с командой архитекторов и DevOps Что предлагаем взамен: Система бонусов и поощрений по результатам работы; Работа в аккредитованной IT-компании; Гибкий график работы, возможность работы в формате гибрид/офис или удаленный формат; Программа рекомендаций: рекомендуя друзей или бывших коллег, вы получаете возможность работать вместе (и дополнительный денежный бонус). Возможность карьерного роста; Оформление согласно ТК РФ. Будем рады новым и интересным людям в команде! Давайте общаться :)",Go/C++ Software Developer,C++,from 200000 to 300000 RUR,От 3 до 6 лет,Москва
Инситех,"Мы - продуктовая компания с масштабной сетью оборудования в HoReCa и ритейле. У нас - техника, которая делает вкусный кофе и ароматную выпечку(кофемашины, молочные системы, постмикс и пр).​​ В команду ищем Инженера-тестировщика на задачи по полному тестовому покрытию функционала новых продуктов на этапах проектирования и производства. Что предстоит делать: Комплексное тестирование и пусконаладка сложного электронного и электромеханического оборудования (кофемашины, вендинговые аппараты, кофемашины, постмикс-аппараты) Проведение приемо-сдаточных и квалификационных испытаний опытных образцов и серийных изделий. Разработка и внедрение системы контроля качества на уровне ПО и производственных процессов. Разработка сценариев и методик тестирования (ручного и автоматизированного) Создание, выполнение и поддержка в актуальном состоянии тест-кейсов, чек-листов Сбор и анализ данных с использованием измерительных приборов: осциллограф, логический анализатор, мультиметр, нагрузочные стенды Анализ электрических схем и технической документации для углубленного поиска дефектов Взаимодействие с группами разработки аппаратного обеспечения (АО) и программного обеспечения (ПО) для локализации дефектов и улучшения продукции. Составление детальных отчетов о проведенном тестировании (отчеты о дефектах, акты испытаний) Участие в кросс-функциональной работе по внедрению новых продуктов и процессов. Что для нас важно: Высшее или среднее специальное (техническое): электроника, приборостроение, мехатроника и робототехника, автоматическое управление Опыт работы на инженерно-технических должностях в сфере разработки или тестирования электроники/электромеханических систем от 2 лет Предпочтителен опыт работы со сложными узлами собственной разработки, интегрированными в конечное оборудование (вендинг, робототехника, автоматизация) Понимание основ схемотехники и архитектуры электронных устройств Знание основ работы микроконтроллеров, периферии и протоколов обмена данными (UART, I2C, SPI, CAN, Ethernet) Уверенная работа с измерительным и диагностическим оборудованием (осциллограф, логический анализатор, мультиметр, паяльное оборудование) Базовое владение одним или несколькими языками программирования (C/C++, Python) для написания скриптов автоматизации тестов и анализа данных Опыт работы с ОС Linux (командная строка, базовые скрипты) и ОС Windows Знание основ теории тестирования, видов и уровней тестирования Умение работать с технической документацией (схемы, спецификации, ТЗ) Опыт работы с ПО для управления требованиями и дефектами системами автоматизированного проектирования (САПР).​​​​​​​ Что предлагаем: Формат работы на выбор (гибрид, офис) Официальная ЗП (оклад) - уровень готовы обсуждать Официальное трудоустройство по ТК РФ в аккредитованную IT компанию В офисе уютная, оборудованная кухня для полноценного обеда и перекусов ​​​​​​​​​​​​​​​​​​​​​​​​​​​​ Этапы отбора, которые вас ждут: онлайн интервью с HR в удобном для вас мессенджере техническое интервью с Руководителем команды+тех.задание интервью с Директором по развитию продуктов предложение о работе, оформление ​​​​​​​​​​​​​​",Инженер-тестировщик,C++; C/C++; Linux; Python; Автоматизированное тестирование; Ручное тестирование; Техническая документация,,От 1 года до 3 лет,Санкт-Петербург
НИИАС,"АО «НИИАС» (дочернее общество ОАО «РЖД» ) — единственный в стране институт, занимающийся созданием, развитием и внедрением беспилотных технологий и созданием устройств безопасности на железнодорожном транспорте. Быть частью АО «НИИАС» — значит быть частью инновационной компании и иметь возможность внести свой вклад в создание передовых технологий автоматизации управления движением на железнодорожном транспорте в России и мире. Будем рады видеть Вас в нашей команде! Проект: Система беспилотного управления маневровым локомотивом. Вам предстоит: Разработка программных интерфейсов взаимодействия между системами управления поездом. Поддержка и модернизация кодовой базы, находящейся в процессе эксплуатации. Удаленное участие в испытаниях системы, анализ работы системы Наши пожелания: 1. Образование - высшее техническое. 2. Linux, уверенный пользователь. 3. Опыт коммерческой разработки > 4 лет C++ 17 и выше. 4. Базовая алгоритмическая подготовка (знание основных алгоритмов и структур, оценка сложности алгоритмов). 5. Знание шаблонов проектирования: синглтоны, интерфейсы, издатель/подписчики, модель/делегат/представление, CoW. 6. Понимание работы TCP/IP/CAN. 7. Навык работы с чужим кодом и объемным проектом. 8. Системы сборки CMake или Make. 9. Умение писать автотесты и документацию и понимание, зачем они нужны. 10. Знакомы с Docker и контейнеризацией. Будет Вашим преимуществом: Опыт использования брокеров сообщений (ZCM, RabbitMQ) в реализованных проектах. Опыт gitlab CI/CD. Навыки работы с бизнес требованиями / протоколами и их трансляции в требования для разработчиков. Опыт управления командой / готовность развиваться в роли тимлида. Мы предлагаем: Оформление в официально аккредитованную IT-компанию Работу в инновационной и технологической компании, возможности карьерного и личностного роста Современный офис на Московском проспекте (5 мин. от м. Московские ворота), в котором есть все необходимое для комфортной работы Конкурентную оплату труда, официальное трудоустройство по ТК, материальная помощь к отпуску ДМС с первого дня работы График работы 5/2, возможность обсуждения гибкого подхода к режиму труда, главная задача — выполнять поставленные цели и быть частью команды Обучение сотрудников (английский язык и профильные курсы), оплата участия в конференциях Внутренние мероприятия, включая книжные и киноклубы, тимбилдинги, молодежные слеты и спортивные события Дружелюбную атмосферу в коллективе: мы всегда открыты и готовы помочь",Разработчик C++,C++; CMake; Git,from 230000 RUR,От 1 года до 3 лет,Санкт-Петербург
СПУТНИКС,"""СПУТНИКС"" - российская частная компания-производитель высокотехнологичных спутниковых компонентов и технологий для малых космических аппаратов, а также сервисов на их основе. На текущий момент на орбите находится более 60 полностью функционирующих аппаратов, с которыми регулярно ведется работа. Готовимся к запуску новой группировки аппаратов и активно ищем специалистов в команду. Команда проекта «Киноспутник» разрабатывает малый космический аппарат (МКА) сверхвысокого разрешения для дистанционного зондирования Земли (ДЗЗ). В рамках проекта осуществляется комплексная проверка и верификация бортового программного обеспечения на комплексном стенде, имитирующем реальную аппаратную платформу космического аппарата. Ключевая задача: Организация и проведение комплексного тестирования бортового программного обеспечения на комплексном стенде, включая функциональное, интеграционное и нагрузочное тестирование. Выявление и документирование дефектов, взаимодействие с разработчиками для их устранения. Обязанности: Разработка планов и методик тестирования для комплексного стенда Проведение функционального тестирования алгоритмов управления и навигации Выполнение интеграционного тестирования взаимодействия компонентов бортовой вычислительной машины (БВМ) с периферийными устройствами Проведение нагрузочного и стресс-тестирования в условиях, близких к реальным Анализ телеметрии и логов, полученных в ходе тестирования Взаимодействие с разработчиками ПО для воспроизведения и валидации найденных проблем Подготовка отчётной документации по результатам тестирования Конфигурирование и поддержка работоспособности оборудования комплексного стенда Требования: Высшее образование Опыт тестирования встраиваемых систем или реального времени (RTOS) Базовые навыки программирования на C/C++ для написания тестовых скриптов и автоматизации Опыт работы с системами контроля версий (Git) Знание основ теории тестирования, видов и уровней тестирования Умение работать с технической документацией и тестовой документацией Условия: Работа в аккредитованной IT-компании с предоставлением отсрочки Дружный, отзывчивый, молодой и амбициозный коллектив Современный офис, развитая инфраструктура Сколково Бесплатная тренажерная комната ДМС Гибкое начало рабочего дня Место работы Сколково",Инженер-тестировщик на комплексном стенде,C++; Git,,От 1 года до 3 лет,Москва
Храмцова Полина,"Мы небольшая компания, занимающаяся алгоритмическим трейдингом и создающая высокопроизводительную торговую инфраструктуру для криптовалютных рынков. Наша цель — с нуля создать надёжную систему с низкой задержкой, которая объединит основные криптовалютные биржи, обрабатывая потоки рыночных данных и исполняя ордера с эффективностью на уровне микросекунд. Основная задача С++ разработчика - создавать WebSocket- и REST-клиенты, способные обрабатывать сотни тысяч сообщений в секунду, анализировать и нормализовать рыночные данные с минимальными накладными расходами и обеспечивать более быструю доставку наших ордеров на биржи. Обязанности: 1.Интеграция с биржами : реализация надежных коннекторов WebSocket и REST API для крупных криптовалютных бирж с учетом их уникальных особенностей и требований. 2. Повышение производительности: оптимизация пути от необработанных сетевых данных до нормализованных рыночных обновлений с целью достижения задержек в пределах нескольких микросекунд. 3. Устойчивость к ошибкам: реализация комплексной обработки ошибок, автоматического переподключения и механизмов отказоустойчивости для работы с ненадежными API-интерфейсами обмена. 4. Мониторинг и тестирование : создание контрольных показателей для отслеживания задержек на каждом этапе, написание тестов. 5. Поэтапная оптимизация: профилирование, измерение и систематическое улучшение производительности на основе реальных производственных показателей. Наши пожелания к квалификации: 1. Прочная основа C++ : более 3 лет опыта работы с современным C++ (минимум C++17, предпочтительно C++20/23). 2. Асинхронное сетевое программирование: практический опыт работы с асинхронным вводом-выводом (Boost.Asio, epoll и т.п.). Вы понимаете разницу между блокирующими и неблокирующими операциями. 3. Управление производительностью : вы знаете, что такое строка кэша, почему распределение памяти в горячих путях — это плохо и как использовать инструменты профилирования для поиска настоящих узких мест. 4. Параллельное программирование : понимание атомарности, упорядочивания памяти и основных шаблонов без блокировок. 5. Глубокое понимание инженерного дела: вы можете реализовать потокобезопасную очередь, устранить утечку памяти и оптимизировать критический цикл Технический стек проекта: Языки: C++20/23 (основной), Python (инструментарий). Библиотеки: Boost.Asio/Beast, {fmt}, Google Benchmark, Catch2/GTest. Инструменты: Clang, GDB, Perf, Valgrind, Grafana/Prometheus. ОС: Ubuntu 22/24 LTS. Будущее: потенциальное внедрение Rust, обход ядра в сетях. Мы предлагаем: 1. Работа в режиме полной занятости полностью удаленно или в гибридном формате ( в г.Москва). 2. Фиксированный оклад в диапазоне 300 000 - 400 000 рублей ""на руки"", возможности расти в доходе вместе с компанией. 3. Прямое подчинение и получение задач от фаундера бизнеса, возможность технического обсуждения и обмена экспертизами. 4. Прямое влияние: ваш код напрямую повлияет на наши прибыли и убытки. Без бюрократических проволочек. 5. Технический рост: за один год обучения здесь вы узнаете больше о системах с малой задержкой, торговле и криптовалютных рынках, чем за пять лет в обычной компании. Процесс взаимодействия: общение с рекрутером - интервью с фаундером - тестовое задание (факультативно) - техническое интервью - оффер.",Разработчик C++ (алготрейдинг),Boost; C++,from 300000 to 400000 RUR,От 3 до 6 лет,Москва
Дисити,"Ищем разработчиков(backend и frontend) на аутстаф проекты. Рассматриваем разные языки (Go, react, c++, .net, PHP и другие) . Подберем проект исходя из вашего стэка . Любая форма сотрудничества (ТК, ИП, ГПХ, Самозанятость). Возможно совмещение и доп занятость. Полная удаленка. Прозрачные процессы, отсутствие бюрократии.",Разработчик,Backend; C++; Frontend; Go; PHP; React,,От 3 до 6 лет,Санкт-Петербург
Контрософт,"Ведущий разработчик C ++ / QT ( Senior Developer ) В современную IT-компанию для создания приложения с распределенной сетевой архитектурой требуется опытный Разработчик С++ (Senior). График: 5/2 Формат работы: удалённо Обязанности: Создание (совместно с командой) распределенных приложений под Linux (с возможностью будущего портирования на другие платформы) для объектов КИИ отраслей нефтегаз и промышленность. Выбор и согласование с архитектором применяемых решений; Выбор и внедрение необходимых зависимостей, библиотек, утилит и т.д.; Разработка ключевых частей кода; Проведение код-ревью; Консультирование технических писателей в подготовке документации на приложение. Периодические краткие отчеты (не формальны: рассказать-показать) о планируемой и сделанной работе. Требования: Уверенные знания С++ не ниже стандарта 17; Опыт коммерческой разработки на C++ от 2-х лет ведущим разработчиком. Общий опыт от 5 лет в С++ разработке. Умение писать чистый и масштабируемый код. Знание Qt, либо других кроссплатформенных фреймворков. Наши ожидания: Знание алгоритмов и паттернов, а также их применимости; Знание принципов создания чистого и поддерживаемого кода (SOLID и т.д.); Понимание UML и желание работать с ним на практике; Знание архитектуры Linux, навыки программирования под Linux; Знание POSIX API; Знание сетевых протоколов (стек TCP/IP); Знание и опыт работы с Qt, либо других кроссплатформенных фреймворков; Навыки написания многопоточного кода; Грамотное комментирование кода, соблюдение соглашений об именах и т.д.; Опыт проектирования и написания тестов. Серьезным преимуществом будут: Хорошее знание алгоритмов и способов оптимизации кода; Опыт работы со средствами отладки и профилирования под Linux; Знание фреймворка Boost; Опыт работы с СУБД, SQL и временных рядов. Наши преимущества для Вас: Интересная работа в стабильной ИТ-компании с активной стратегией развития. Преимуществом нашего проекта является минимальное количество легаси-кода, у вас есть возможность заложить ваши лучшие практики в этот проект. У нас нет бюрократии. Мы стараемся не мешать и поддерживать команду. Мы внимательны к мнениям разработчиков. Условия: Трудоустройство в аккредитованную IT-компанию. Также готовы рассмотреть удобные вам варианты, например, ГПХ. Нам не важно, в каком регионе вы проживаете, главное – как вы работаете. Заработная плата обсуждается с успешным Кандидатом.",Разработчик C++ QT Developer (Ведущий разработчик C++ / QT),C++; Linux; Qt; SOLID; TCP/IP; UML,,От 3 до 6 лет,Москва
Народный центр беспилотных систем,"Предприятие ООО ""Народный центр беспилотных систем"" занимается разработкой и производством беспилотных летательных аппаратов (БпЛА) мультироторного и самолетного типа в г. Ижевске и г. Москва с 2022 года. Приглашаем в команду программиста. Работа в г. Ижевске. ОБЯЗАННОСТИ: ▪️ Разработка и настройка программного обеспечения для БпЛА мультироторного и самолётного типов; ▪️ Прошивка БпЛА; ▪️ Участие в разработке технических спецификаций и документации; ▪️ Участие в испытаниях. УСЛОВИЯ: ▪️ График работы 5/2 с 8:30 до 17:30; ▪️ З/п от 100 000 руб. на руки. Окончательный уровень з/п устанавливается по итогам собеседования; ▪️ Официальное трудоустройство по ТК РФ; ▪️ Испытательный срок - 2 месяца. На период испытательного срока оформляется срочный трудовой договор. По истечении испытательного срока - оформление по ТК РФ; ▪️ Рабочее место – г. Ижевск. ТРЕБОВАНИЯ К СОИСКАТЕЛЮ: ▪️ Уверенные навыки программирования на языке Python. ПРИВЕТСТВУЕТСЯ: ▪️ Профильное образование; ▪️ Опыт работы на аналогичной позиции; ▪️ Примеры успешно реализованных кейсов; ▪️ Портфолио, материалы с кейсами, ссылки на публикации и прочие материалы можно направить на указанный в профиле компании электронный адрес.",Программист,"Алгоритмы и структуры данных: Для написания эффективного кода; Владение одним или несколькими (Python, Java, C++, JavaScript); Тестирование и отладка: Написание модульных тестов, поиск ошибок",from 100000 RUR,От 1 года до 3 лет,Ижевск
МЭК Энергоэффективные технологии,"Аккредитованная IT-компания АО ""МЭК ""Энергоэффективные технологии"" — молодая и динамично развивающаяся IT-компания, занимающаяся проектами импортозамещения и разработкой передовых приложений. Наши проекты направлены на замену зарубежных решений на отечественные аналоги, такие как 1С, Astra Linux, Postgres Pro и ОС Аврора. Присоединившись к нашей команде, вы будете участвовать в создании инновационных продуктов, которые вносят реальный вклад в развитие отечественного IT-сектора. В связи с расширением штата приглашает в команду системного аналитика. Чем предстоит заниматься: разработка технических заданий и постановка задач для программистов; подготовка и поддержка документации на перспективные, разрабатываемые и внедряемые продукты; самостоятельное взаимодействие с заказчиками для сбора и анализа требований; составление диаграмм бизнес-процессов и описание бизнес-требований; описание функциональных требований к разрабатываемым приложениям; участие в планировании и мониторинге проектов, обеспечение соответствия решений бизнес-целям; консультация заказчика по текущему функционалу приложений, взаимодействие с заказчиком по развитию функционала; участие в работе 2-ой линии техподдержки - анализ поступающих заявок на реализацию, доработку функционала приложений или исправление ошибок в приложении, и дальнейшая постановка задач для специалистов. ​​ Мы ждем от вас: профильное техническое, IT, математическое образование; опыт работы на позиции системного аналитика в ИТ-проектах от 1 года опыта; опыт создания технических заданий и спецификаций; опыт работы с UML, BPMN и др. нотациями; владение инструментами управления проектами (JIRA, Confluence и др.); опыт работы с системами 1С, Astra Linux, Postgres Pro, ОС Аврора будет преимуществом; опыт работы с языками программирования: Java, Kotlin, Dart, Flutter, QT, C++, JS, Angular будет преимуществом. Мы предлагаем: самое лучшее рабочее место - из дома) комфортный график работы 5/2 с 8.00 до 17.00 или с 9.00 до 18.00; работать в пятницу на час меньше; открытую и доверительную атмосферу в команде; ДМС со стоматологией после испытательного срока; возможность влиять на свой уровень дохода в зависимости от реализации проектов; рабочую технику от компании; компенсацию мобильной связи; внешнее обучение как очно так и онлайн; трудоустройство в соответствии с ТК РФ.",Системный аналитик,C++,,От 1 года до 3 лет,Москва
КОМПАНИЯ АВТО-КОМПОНЕНТ,"Обязанности: проработка и уточнение требований с заказчиком Продумывание архитектуры Написание понятного и производительного кода Тестирование создаваемого функционала Устранение ошибок и ""узких"" мест Требования: Высшее техническое образование Опыт работы по данной специальности от 4 лет Знание любого языка С#, Delphi,С++, Java Опыт работы с SQL Условия: график работы 5/2, с 9.00 до 17.30, пятница - с 9.00 до 17.00 Гибридный график работы Уровень ежемесячного вознаграждения на испытательный срок определяется по результатам собеседования Возможность карьерного роста Оформление по ИП",Программист,,to 250000 RUR,От 3 до 6 лет,Санкт-Петербург
Бриф,"«Brief» - это дружная команда единомышленников, где опытные специалисты и начинающие таланты вместе создают сервисы для лидеров российского бизнеса. Мы реализуем разноплановые проекты, среди которых сервисы для автомобильной промышленности, доставки еды, крупные международные банковские, строительные и металлургические проекты, и многие другие. Успех компании «Бриф» — это совместные усилия всей нашей команды, которая нацелена на развитие и постоянный поиск новых подходов и технологий. В связи с расширением штата, открываем поиск ""С++ - разработчика"" Обязанности: Разработка микросервисов сетевого обмена; Анализ существующей кодовой базы; Проектирование архитектуры приложений и микросервисов; Опыт работы с высокими нагрузками; Разработка ПО для работы с потоками пользовательских данных; Поддержка инициатив CI и тестирования. Требования: Опыт коммерческой разработки комплексных программных продуктов на С/C++ и STL от 5-и лет; Знание сетей, базовых протоколов TCP/IP, UDP; Опыт работы с классическими алгоритмами и структурами данных; Опыт работы с основными системами сборки: GNU autotools, GNU make, cmake; Опыт написания unit-тестов, правила оформления и документирования кода; Опыт работы с СУБД; Анализ исходного кода (code review). Условия: Оформление по ТК РФ, ГПХ, самозанятый, ИП; Стабильный высокий доход, который обсуждается по итогам собеседования; Гибкий график: удаленная работа; Сложные и интересные задачи, современный стек технологий; Возможность карьерного роста до руководителя направления со своей командой; Возможность обучения, посещения выставок.",Программист С++,C++; C/C++; CMake; Linux; STL; Базы данных; СУБД,from 240000 to 320000 RUR,Более 6 лет,Москва
Кузьминова Алеся Игоревна,"Международная динамично развивающаяся Fintech‑компания в поиске Head of Talent Acquisition для масштабирования команды. Позиция предполагает релокацию в Дубай. Задачи / фокус: • управление командой: Формирование и руководство глобальной функцией рекрутмента (рост и развитие команды). • найм: Масштабирование найма - новые рынки, новые роли в направлениях бизнес-подбора и разработки. Разработка гипотез и стратегий и поиска. Непосредственное участие в C-level наймах. • аналитика: Исследование рынков новых стран, особенностей найма, бенчмаркинг зарплат и компенсационных схем целевых кандидатов, • DevRel и PR: Выстраивание отношений с целевыми профессиональными сообществами. • shareholder/stakeholders management: выстраивание эффективных отношений с бизнес-заказчиками, взаимодействие с фаундером, участие в формировании стратегии найма, управление ожиданиями бизнес-заказчиков. Требования к опыту: • Опыт построения и оптимизации функции найма, реализации aggressive hiring и cost saving кампаний в равной степени, в зависимости от этапа развития компании. • Успешный опыт глобального подбора (Европа, Азия, MENA) с приоритетом в High Risk домене. • Hands-on опыт executive найма . • Опыт организации конфиденциального хайринга и/или от лица бренда под NDA. • Опыт прямой работы с фаундерами и топ-менеджментом (Founder/HRD/Chief of staff / exec-level exposure). • Желательно глубокое знание технологий и рыночного контекста C++-разработки. • Автономность, Ownership. • Высшее образование, желательно с техническим/математическим уклоном. • Свободный английский. Личные качества: • Мягкое лидерство - гармоничное сочетание дипломатических и директивных стилей лидерства. • Умение управлять конфликтами и держать команду в фокусе результата. • Способность работать в культуре «A-player performance».",Руководитель команды подбора,C++,,Более 6 лет,Москва
